"tmdbId","guideBoxId","title","year","genre","director","actors","poster","trailer","rec1","rec2","rec3","created_at"
321612,42116,"Beauty and the Beast",1991,"Animation, Family, Fantasy","Gary Trousdale, Kirk Wise","Robby Benson, Jesse Corti, Rex Everhart, Angela Lansbury","http://image.tmdb.org/t/p/w185/tWqifoYuwLETmmasnGHO7xBjEtt.jpg","https://www.youtube.com/watch?v=tWapqpCEO7Y","Fantastic Beasts and Where to Find Them, 259316, http://image.tmdb.org/t/p/w500/gri0DDxsERr6B2sOR1fGLxLpSLx.jpg","La La Land, 313369, http://image.tmdb.org/t/p/w500/ylXCdC106IKiarftHkcacasaAcb.jpg","Moana, 277834, http://image.tmdb.org/t/p/w500/z4x0Bp48ar3Mda8KiPD1vwSY3D8.jpg","2017-05-08 18:35:27"
11072,30577,"Blazing Saddles",1974,"Comedy, Western","Mel Brooks","Cleavon Little, Gene Wilder, Slim Pickens, Harvey Korman","http://image.tmdb.org/t/p/w185/yccgwPNVaqtgS1d0U5jjM6Mnza8.jpg","https://www.youtube.com/watch?v=VKayG1TrfuE","The Jerk, 6471, http://image.tmdb.org/t/p/w500/wb6mB6R9vscPhyAegbbNDFZUAIs.jpg","History of the World: Part I, 10156, http://image.tmdb.org/t/p/w500/6jOfKftlw1M5cT2oijL3U1Lt6Up.jpg","Young Frankenstein, 3034, http://image.tmdb.org/t/p/w500/a3Bj2ht6liBFafNM46hqk9WEhcY.jpg","2017-05-08 18:03:34"
4133,34901,"Blow",2001,"Biography, Crime, Drama","Ted Demme","Johnny Depp, Penélope Cruz, Franka Potente, Rachel Griffiths","http://image.tmdb.org/t/p/w185/yCLLbZzAa7jreGus7pvjZmL0bj7.jpg","https://www.youtube.com/watch?v=q8lGHQn_n9Y","Donnie Brasco, 9366, http://image.tmdb.org/t/p/w500/niqDLxwZ6GF0GLKUlkdKnOWfsvb.jpg","Fear and Loathing in Las Vegas, 1878, http://image.tmdb.org/t/p/w500/u9ffgobMADj6GCafeImbov566j9.jpg","Casino, 524, http://image.tmdb.org/t/p/w500/xo517ibXBDdYQY81j0WIG7BVcWq.jpg","2017-05-08 18:02:52"
28297,27698,"Brute Force",1947,"Crime, Drama, Film-Noir","Jules Dassin","Burt Lancaster, Hume Cronyn, Charles Bickford, Yvonne De Carlo","http://image.tmdb.org/t/p/w185/84GJMnVF6bd0bRi1BhfQxfKa3G4.jpg","https://www.youtube.com/watch?v=uTn6pHKVpNc","Thieves' Highway, 20025, http://image.tmdb.org/t/p/w500/7Uuo6XYndgG8BHOdhB64GPsVP6W.jpg","The Mask of Dimitrios, 35006, http://image.tmdb.org/t/p/w500/cgGZV924cBloldp5bsZeZJ4ze9n.jpg","Criss Cross, 22112, http://image.tmdb.org/t/p/w500/jLmg6PbiOzLtbv7f5l5KSk1Fm5V.jpg","2017-05-08 18:30:30"
271110,87457,"Captain America",1990,"Action, Adventure, Sci-Fi","Albert Pyun","Matt Salinger, Ronny Cox, Ned Beatty, Darren McGavin","http://image.tmdb.org/t/p/w185/kSBXou5Ac7vEqKd97wotJumyJvU.jpg","https://www.youtube.com/watch?v=43NWzay3W4s","X-Men: Apocalypse, 246655, http://image.tmdb.org/t/p/w500/zSouWWrySXshPCT4t3UKCQGayyo.jpg","Batman v Superman: Dawn of Justice, 209112, http://image.tmdb.org/t/p/w500/cGOPbv9wA5gEejkUN892JrveARt.jpg","Deadpool, 293660, http://image.tmdb.org/t/p/w500/inVq3FRqcYIRl2la8iZikYYxFNR.jpg","2017-05-08 18:29:03"
920,71875,"Cars",2006,"Animation, Adventure, Comedy","John Lasseter, Joe Ranft","Owen Wilson, Paul Newman, Bonnie Hunt, Larry the Cable Guy","http://image.tmdb.org/t/p/w185/5damnMcRFKSjhCirgX3CMa88MBj.jpg","https://www.youtube.com/watch?v=SbXIj2T-_uk","Cars 2, 49013, http://image.tmdb.org/t/p/w500/AblhtULOVtrkSnFxRPQ8gBemxw9.jpg","Madagascar, 953, http://image.tmdb.org/t/p/w500/2YiESGB68BGQSAFvfJxBi774sc4.jpg","Monsters, Inc., 585, http://image.tmdb.org/t/p/w500/93Y9BGx8blzmZOPSoivkFfaifqU.jpg","2017-05-08 18:06:43"
49013,49419,"Cars 2",2011,"Animation, Adventure, Comedy","John Lasseter, Brad Lewis","Larry the Cable Guy, Owen Wilson, Michael Caine, Emily Mortimer","http://image.tmdb.org/t/p/w185/AblhtULOVtrkSnFxRPQ8gBemxw9.jpg","https://www.youtube.com/watch?v=zGeLIDJ9zEk","Cars, 920, http://image.tmdb.org/t/p/w500/5damnMcRFKSjhCirgX3CMa88MBj.jpg","Madagascar: Escape 2 Africa, 10527, http://image.tmdb.org/t/p/w500/9mohxwknsHcwFBSAAhoQXwFV5zn.jpg","Madagascar 3: Europe's Most Wanted, 80321, http://image.tmdb.org/t/p/w500/wd7NcMifnuf66gD2Fm7Tzz3yJ54.jpg","2017-05-08 18:06:54"
150689,121371,"Cinderella",2015,"Drama, Family, Fantasy","Kenneth Branagh","Cate Blanchett, Lily James, Richard Madden, Helena Bonham Carter","http://image.tmdb.org/t/p/w185/o1F2aloaOUufHHOsV0laA9aw9N0.jpg","https://www.youtube.com/watch?v=n44EWI92Tc8","Into the Woods, 224141, http://image.tmdb.org/t/p/w500/5h91odPFNlBuJbRBj5N4MEBfXDE.jpg","Maleficent, 102651, http://image.tmdb.org/t/p/w500/4FYu1AAu14tuBU0lns0hbKiHUcH.jpg","The Age of Adaline, 293863, http://image.tmdb.org/t/p/w500/gEDGROZ4NQDlRjUPPSSyIf0hKvD.jpg","2017-05-08 18:02:44"
339967,151219,"Colossal",2016,"Action, Comedy, Sci-Fi","Nacho Vigalondo","Dan Stevens, Anne Hathaway, Jason Sudeikis, Tim Blake Nelson","http://image.tmdb.org/t/p/w185/4VOyofBd1pexblxtDZYtYIk7NI4.jpg","https://www.youtube.com/watch?v=ojLzEjAN5xE","Like Me, 378631, http://image.tmdb.org/t/p/w500/ta85pTRAEDBv3C52uOF5r5hmzWr.jpg","Phoenix Forgotten, 443319, http://image.tmdb.org/t/p/w500/p2Tcj6wYdZKjabBd4AVwCU5FyIA.jpg","Free Fire, 334521, http://image.tmdb.org/t/p/w500/zSVRoZMce3skt6qR6JSD0IXQ8af.jpg","2017-05-08 18:23:20"
521,28388,"Dial M for Murder",1954,"Crime, Film-Noir, Thriller","Alfred Hitchcock","Ray Milland, Grace Kelly, Robert Cummings, John Williams","http://image.tmdb.org/t/p/w185/xrpK1PyckNWmRxU4kZURfaCyboS.jpg","https://www.youtube.com/watch?v=urIXnyF0aJ0","Strangers on a Train, 845, http://image.tmdb.org/t/p/w500/akslUekHOWvE0UFBVb4GRkxRRoi.jpg","Rope, 1580, http://image.tmdb.org/t/p/w500/9UlEZpKqJPoaFu1OfHM3BohSRUo.jpg","Notorious, 303, http://image.tmdb.org/t/p/w500/pi5YexkEQ9BZIWovB5SyPmjCBjG.jpg","2017-05-08 18:31:48"
334521,151555,"Free Fire",2016,"Action, Crime, Thriller","Ben Wheatley","Enzo Cilenti, Sam Riley, Michael Smiley, Brie Larson","http://image.tmdb.org/t/p/w185/zSVRoZMce3skt6qR6JSD0IXQ8af.jpg","https://www.youtube.com/watch?v=G_yyIfhhR8I","Table 19, 353569, http://image.tmdb.org/t/p/w500/vz0CWnSwcQz1si7pLZp4hC4A1zi.jpg","Unlocked, 291276, http://image.tmdb.org/t/p/w500/fBDLdEraxCBKGmOPb6pJPYiDQh1.jpg","The Belko Experiment, 341006, http://image.tmdb.org/t/p/w500/knAqP7qDos8sWQpmPiGYFYwbdcK.jpg","2017-05-08 18:23:04"
109445,90293,"Frozen",2013,"Animation, Adventure, Comedy","Chris Buck, Jennifer Lee","Kristen Bell, Idina Menzel, Jonathan Groff, Josh Gad","http://image.tmdb.org/t/p/w185/jIjdFXKUNtdf1bwqMrhearpyjMj.jpg","https://www.youtube.com/watch?v=-WdC4DaYIeQ","Tangled, 38757, http://image.tmdb.org/t/p/w500/re6AOJbhBk9FIK3knwU6rYlbPDx.jpg","Maleficent, 102651, http://image.tmdb.org/t/p/w500/4FYu1AAu14tuBU0lns0hbKiHUcH.jpg","How to Train Your Dragon 2, 82702, http://image.tmdb.org/t/p/w500/lRjOR4uclMQijUav4OjeZprlehu.jpg","2017-05-08 18:01:39"
419430,150256,"Get Out",2017,"Horror, Mystery","Jordan Peele","Daniel Kaluuya, Allison Williams, Catherine Keener, Bradley Whitford","http://image.tmdb.org/t/p/w185/1SwAVYpuLj8KsHxllTF8Dt9dSSX.jpg","https://www.youtube.com/watch?v=sRfnevzM9kQ","Split, 381288, http://image.tmdb.org/t/p/w500/rXMWOZiCt6eMX22jWuTOSdQ98bY.jpg","Kong: Skull Island, 293167, http://image.tmdb.org/t/p/w500/r2517Vz9EhDhj88qwbDVj8DCRZN.jpg","A Cure for Wellness, 340837, http://image.tmdb.org/t/p/w500/byeTgTgG7M1RN2c7njWWIkSkNig.jpg","2017-05-08 18:34:07"
315837,78602,"Ghost in the Shell",1995,"Animation, Action, Crime","Mamoru Oshii","Atsuko Tanaka, Akio Ôtsuka, Kôichi Yamadera, Yutaka Nakano","http://image.tmdb.org/t/p/w185/myRzRzCxdfUWjkJWgpHHZ1oGkJd.jpg","https://www.youtube.com/watch?v=xTPvnQ2wDlI","Guardians of the Galaxy Vol. 2, 283995, http://image.tmdb.org/t/p/w500/gaHepzSTMkGwsSKAqiBgroSCf07.jpg","Life, 395992, http://image.tmdb.org/t/p/w500/h2mhfbEBGABSHo2vXG1ECMKAJa7.jpg","Logan, 263115, http://image.tmdb.org/t/p/w500/45Y1G5FEgttPAwjTYic6czC9xCn.jpg","2017-05-08 18:23:38"
621,20730,"Grease",1978,"Musical, Romance","Randal Kleiser","John Travolta, Olivia Newton-John, Stockard Channing, Jeff Conaway","http://image.tmdb.org/t/p/w185/iMHdFTrCYhue74sBnXkdO39AJ3R.jpg","https://www.youtube.com/watch?v=wzWmxjYNfz4","Dirty Dancing, 88, http://image.tmdb.org/t/p/w500/zMHIZHxKv6kdE3JFQqZFqj7OswK.jpg","Pretty Woman, 114, http://image.tmdb.org/t/p/w500/fgmdaCMxXClZm2ePteLzCPySB1n.jpg","Saturday Night Fever, 11009, http://image.tmdb.org/t/p/w500/uC0GIPI54UiqrIQsnq6C0qXSIwp.jpg","2017-05-08 18:36:33"
224141,97246,"Into the Woods",2014,"Adventure, Comedy, Drama","Rob Marshall","Anna Kendrick, Daniel Huttlestone, James Corden, Emily Blunt","http://image.tmdb.org/t/p/w185/5h91odPFNlBuJbRBj5N4MEBfXDE.jpg","https://www.youtube.com/watch?v=2Byk9Is3TjY","Cinderella, 150689, http://image.tmdb.org/t/p/w500/o1F2aloaOUufHHOsV0laA9aw9N0.jpg","Pitch Perfect 2, 254470, http://image.tmdb.org/t/p/w500/eqMkpgTFGSDySzPs5VlvVwhhjfL.jpg","Maleficent, 102651, http://image.tmdb.org/t/p/w500/4FYu1AAu14tuBU0lns0hbKiHUcH.jpg","2017-05-08 18:38:18"
1726,67925,"Iron Man",2008,"Action, Adventure, Sci-Fi","Jon Favreau","Robert Downey Jr., Terrence Howard, Jeff Bridges, Gwyneth Paltrow","http://image.tmdb.org/t/p/w185/s2IG9qXfhJYxIttKyroYFBsHwzQ.jpg","https://www.youtube.com/watch?v=KAE5ymVLmZg","Iron Man 2, 10138, http://image.tmdb.org/t/p/w500/ArqpkNYGfcTIA6umWt6xihfIZZv.jpg","Captain America: The First Avenger, 1771, http://image.tmdb.org/t/p/w500/vSNxAJTlD0r02V9sPYpOjqDZXUK.jpg","Thor, 10195, http://image.tmdb.org/t/p/w500/bIuOWTtyFPjsFDevqvF3QrD1aun.jpg","2017-05-08 18:28:57"
270303,9481,"It",1990,"Drama, Fantasy, Horror","N/A","Harry Anderson, Dennis Christopher, Richard Masur, Annette O'Toole","http://image.tmdb.org/t/p/w185/4MrwJZr0R9LbyOgZqwLNmtzzxbu.jpg","https://www.youtube.com/watch?v=HkZYbOH0ujw","The Babadook, 242224, http://image.tmdb.org/t/p/w500/ohg11LlgBhuM2HKDslUpXSXjO6p.jpg","The Witch, 310131, http://image.tmdb.org/t/p/w500/jfGsfzq5JrMAKbAOV2TmhsOs3tf.jpg","You're Next, 83899, http://image.tmdb.org/t/p/w500/h3LYgLTa8GVKBsofOPEp30BWFk7.jpg","2017-05-08 18:26:00"
245891,107956,"John Wick",2014,"Action, Crime, Thriller","Chad Stahelski, David Leitch","Keanu Reeves, Michael Nyqvist, Alfie Allen, Willem Dafoe","http://image.tmdb.org/t/p/w185/5vHssUeVe25bMrof1HyaPyWgaP.jpg","https://www.youtube.com/watch?v=RllJtOw0USI","The Equalizer, 156022, http://image.tmdb.org/t/p/w500/2eQfjqlvPAxd9aLDs8DvsKLnfed.jpg","Edge of Tomorrow, 137113, http://image.tmdb.org/t/p/w500/tpoVEYvm6qcXueZrQYJNRLXL88s.jpg","Taken 3, 260346, http://image.tmdb.org/t/p/w500/ikDwR3i2bczqnRf1urJTy77YTFf.jpg","2017-05-08 18:24:44"
313297,139471,"Kubo and the Two Strings",2016,"Animation, Adventure, Family","Travis Knight","Art Parkinson, Charlize Theron, Ralph Fiennes, Brenda Vaccaro","http://image.tmdb.org/t/p/w185/3Kr9CIIMcXTPlm6cdZ9y3QTe4Y7.jpg","https://www.youtube.com/watch?v=YMmrKORgNFc","Storks, 332210, http://image.tmdb.org/t/p/w500/5qVD5TD1CiALR5vUsMzh2BschVU.jpg","Pete's Dragon, 294272, http://image.tmdb.org/t/p/w500/3Okhhyunc9QJUHtnglK6p1Rw3W3.jpg","Hell or High Water, 338766, http://image.tmdb.org/t/p/w500/6YOrNBdoXvT8aC5VPLkkN6t5z0V.jpg","2017-05-08 18:22:19"
313369,148278,"La La Land",2016,"Comedy, Drama, Music","Damien Chazelle","Ryan Gosling, Emma Stone, Amiée Conn, Terry Walters","http://image.tmdb.org/t/p/w185/ylXCdC106IKiarftHkcacasaAcb.jpg","https://www.youtube.com/watch?v=nXLTERdI4zs","Manchester by the Sea, 334541, http://image.tmdb.org/t/p/w500/eCLpykDxtAQ0gnS5ERrTo7kP9k9.jpg","Moonlight, 376867, http://image.tmdb.org/t/p/w500/qAwFbszz0kRyTuXmMeKQZCX3Q2O.jpg","Lion, 334543, http://image.tmdb.org/t/p/w500/dVrpKogkQCNgRjvWrXqW4ZGmPjB.jpg","2017-05-08 18:22:53"
82695,28152,"Les Miserables",1978,"Drama, History","Glenn Jordan","Richard Jordan, Anthony Perkins, Cyril Cusack, Claude Dauphin","http://image.tmdb.org/t/p/w185/qEsrAHoxj746FRb7OLGYjrx1AI3.jpg","https://www.youtube.com/watch?v=xk5UStefYmE","Lincoln, 72976, http://image.tmdb.org/t/p/w500/gkkiDu9srCCbCMxGKwNwKCxK7KF.jpg","Chicago, 1574, http://image.tmdb.org/t/p/w500/18pCc2XZ5MO7wsywOYEbhoeuxNw.jpg","Moulin Rouge!, 824, http://image.tmdb.org/t/p/w500/xhuQz2yKPlWvMvvnf2u9RVkAQx6.jpg","2017-05-08 18:37:46"
395992,20781,"Life",1999,"Comedy, Crime, Drama","Ted Demme","Eddie Murphy, Martin Lawrence, Obba Babatundé, Nick Cassavetes","http://image.tmdb.org/t/p/w185/h2mhfbEBGABSHo2vXG1ECMKAJa7.jpg","https://www.youtube.com/watch?v=Heiy3mP9IIM","Ghost in the Shell, 315837, http://image.tmdb.org/t/p/w500/myRzRzCxdfUWjkJWgpHHZ1oGkJd.jpg","A Cure for Wellness, 340837, http://image.tmdb.org/t/p/w500/byeTgTgG7M1RN2c7njWWIkSkNig.jpg","Guardians of the Galaxy Vol. 2, 283995, http://image.tmdb.org/t/p/w500/gaHepzSTMkGwsSKAqiBgroSCf07.jpg","2017-05-08 18:41:14"
263115,147509,"Logan",2017,"Action, Drama, Sci-Fi","James Mangold","Hugh Jackman, Patrick Stewart, Dafne Keen, Boyd Holbrook","http://image.tmdb.org/t/p/w185/45Y1G5FEgttPAwjTYic6czC9xCn.jpg","https://www.youtube.com/watch?v=XaE_9pfybL4","Guardians of the Galaxy Vol. 2, 283995, http://image.tmdb.org/t/p/w500/gaHepzSTMkGwsSKAqiBgroSCf07.jpg","Kong: Skull Island, 293167, http://image.tmdb.org/t/p/w500/r2517Vz9EhDhj88qwbDVj8DCRZN.jpg","Doctor Strange, 284052, http://image.tmdb.org/t/p/w500/4PiiNGXj1KENTmCBHeN6Mskj2Fq.jpg","2017-05-08 18:27:40"
433,62075,"Mary Poppins",1964,"Comedy, Family, Fantasy","Robert Stevenson","Julie Andrews, Dick Van Dyke, David Tomlinson, Glynis Johns","http://image.tmdb.org/t/p/w185/cjIIKTkeE8eKAmYULEZg6wKPZVe.jpg","https://www.youtube.com/watch?v=cXMvCTLIaqM","The Sound of Music, 15121, http://image.tmdb.org/t/p/w500/459fPVvI4lkEV0piSfcq0irKHi8.jpg","Fantasia, 756, http://image.tmdb.org/t/p/w500/mSJgxrTaTgDSOoggIPcj3ZoZswT.jpg","Bambi, 3170, http://image.tmdb.org/t/p/w500/laABfcpEKweQsaZwCWzmGNUpij9.jpg","2017-05-08 18:36:00"
3309,45834,"Mildred Pierce",1945,"Crime, Drama, Film-Noir","Michael Curtiz","Joan Crawford, Jack Carson, Zachary Scott, Eve Arden","http://image.tmdb.org/t/p/w185/WP1oQxIyGAIVfavlXcxkucCZAO.jpg","https://www.youtube.com/watch?v=qdRfuQ8Y8rU","I Am a Fugitive from a Chain Gang, 29740, http://image.tmdb.org/t/p/w500/4MXCDU9C1g1Z1CgYuLRzlG1QJTS.jpg","Pickup on South Street, 25955, http://image.tmdb.org/t/p/w500/hUP1WoSQvJXfymSS15IFjJbHLKi.jpg","Sweet Smell of Success, 976, http://image.tmdb.org/t/p/w500/dZBi7DSd3zjraZY1mxYeI5JohOr.jpg","2017-05-08 18:30:03"
277834,138745,"Moana",2016,"Animation, Adventure, Comedy","Ron Clements, Don Hall, John Musker, Chris Williams","Auli'i Cravalho, Dwayne Johnson, Rachel House, Temuera Morrison","http://image.tmdb.org/t/p/w185/z4x0Bp48ar3Mda8KiPD1vwSY3D8.jpg","https://www.youtube.com/watch?v=LKFuXETZUsI","Sing, 335797, http://image.tmdb.org/t/p/w500/eSVtBB2PVFbQiFWC7CQi3EjIZnn.jpg","Kubo and the Two Strings, 313297, http://image.tmdb.org/t/p/w500/3Kr9CIIMcXTPlm6cdZ9y3QTe4Y7.jpg","Finding Dory, 127380, http://image.tmdb.org/t/p/w500/z09QAf8WbZncbitewNk6lKYMZsh.jpg","2017-05-08 18:06:07"
10674,20474,"Mulan",1998,"Animation, Adventure, Family","Tony Bancroft, Barry Cook","Miguel Ferrer, Harvey Fierstein, Freda Foh Shen, June Foray","http://image.tmdb.org/t/p/w185/vXjfMyXHixdEEkqcuWS6hy3EZAG.jpg","https://www.youtube.com/watch?v=wAbGAkkOgcM","Pocahontas, 10530, http://image.tmdb.org/t/p/w500/qk95miOV8wDABbO5gyCpCrvbVFu.jpg","Tarzan, 37135, http://image.tmdb.org/t/p/w500/tWFubl9q3quYuYXBGypXXCNLE00.jpg","Hercules, 11970, http://image.tmdb.org/t/p/w500/yds93kIrmH1aNN0YKAcHLyOkNEV.jpg","2017-05-08 18:35:35"
565,30439,"Ring",1999,"Horror","Dong-bin Kim","Eun-Kyung Shin, Seung-hyeon Lee, Jin-yeong Jeong, Chang-wan Kim","http://image.tmdb.org/t/p/w185/zHJFdhqEXZJxG653oZvOM3PmNON.jpg","https://www.youtube.com/watch?v=ymPUAsPsTwg","The Ring Two, 10320, http://image.tmdb.org/t/p/w500/mYZdcd5XeZkye72oQejkLuAGI7q.jpg","The Grudge, 1970, http://image.tmdb.org/t/p/w500/y05X9RL0FIcEwoVSTppCPcQwhvf.jpg","Final Destination, 9532, http://image.tmdb.org/t/p/w500/nW6JfCIWqUpIESlras0nrVy4pCl.jpg","2017-05-08 18:34:38"
330459,139472,"Rogue One",2016,"Action, Adventure, Sci-Fi","Gareth Edwards","Felicity Jones, Diego Luna, Alan Tudyk, Donnie Yen","http://image.tmdb.org/t/p/w185/qjiskwlV1qQzRCjpV0cL9pEMF9a.jpg","https://www.youtube.com/watch?v=Wji-BZ0oCwg","Doctor Strange, 284052, http://image.tmdb.org/t/p/w500/4PiiNGXj1KENTmCBHeN6Mskj2Fq.jpg","Star Trek Beyond, 188927, http://image.tmdb.org/t/p/w500/mLrQMqyZgLeP8FrT5LCobKAiqmK.jpg","Star Wars: The Force Awakens, 140607, http://image.tmdb.org/t/p/w500/weUSwMdQIa3NaXVzwUoIIcAi85d.jpg","2017-05-08 18:35:04"
335797,143442,"Sing",2016,"Animation, Comedy, Family","Christophe Lourdelet, Garth Jennings","Matthew McConaughey, Reese Witherspoon, Seth MacFarlane, Scarlett Johansson","http://image.tmdb.org/t/p/w185/eSVtBB2PVFbQiFWC7CQi3EjIZnn.jpg","https://www.youtube.com/watch?v=Zvjmt4pwtdg","Moana, 277834, http://image.tmdb.org/t/p/w500/z4x0Bp48ar3Mda8KiPD1vwSY3D8.jpg","Trolls, 136799, http://image.tmdb.org/t/p/w500/zKu5MNy9QW1a5ZHgv7iAp3kRZpE.jpg","Storks, 332210, http://image.tmdb.org/t/p/w500/5qVD5TD1CiALR5vUsMzh2BschVU.jpg","2017-05-08 18:03:28"
129,13996,"Spirited Away",2001,"Animation, Adventure, Family","Hayao Miyazaki","Rumi Hiiragi, Miyu Irino, Mari Natsuki, Takashi Naitô","http://image.tmdb.org/t/p/w185/ynXoOxmDHNQ4UAy0oU6avW71HVW.jpg","https://www.youtube.com/watch?v=0lzccY1-PNs","Howl's Moving Castle, 4935, http://image.tmdb.org/t/p/w500/iMarB2ior30OAXjPa7QIdeyUfM1.jpg","Princess Mononoke, 128, http://image.tmdb.org/t/p/w500/gzlJkVfWV5VEG5xK25cvFGJgkDz.jpg","My Neighbor Totoro, 8392, http://image.tmdb.org/t/p/w500/2i0OOjvi7CqNQA6ZtYJtL65P9oZ.jpg","2017-05-08 18:29:15"
381288,150431,"Split",2016,"Horror, Thriller","M. Night Shyamalan","James McAvoy, Anya Taylor-Joy, Betty Buckley, Haley Lu Richardson","http://image.tmdb.org/t/p/w185/rXMWOZiCt6eMX22jWuTOSdQ98bY.jpg","https://www.youtube.com/watch?v=6bfooooTKyM","Passengers, 274870, http://image.tmdb.org/t/p/w500/5gJkVIVU7FDp7AfRAbPSvvdbre2.jpg","Nocturnal Animals, 340666, http://image.tmdb.org/t/p/w500/9Moizj8qxcZK6DqEE1MTO3pQAEw.jpg","Don't Breathe, 300669, http://image.tmdb.org/t/p/w500/lw0IqOSMsQcy1QnVIEIDppLmNwk.jpg","2017-05-08 18:33:58"
11,55413,"Star Wars: Episode IV - A New Hope",1977,"Action, Adventure, Fantasy","George Lucas","Mark Hamill, Harrison Ford, Carrie Fisher, Peter Cushing","http://image.tmdb.org/t/p/w185/tvSlBzAdRE29bZe5yYWrJ2ds137.jpg","https://www.youtube.com/watch?v=vZ734NWnAHA","The Empire Strikes Back, 1891, http://image.tmdb.org/t/p/w500/6u1fYtxG5eqjhtCPDx04pJphQRW.jpg","Return of the Jedi, 1892, http://image.tmdb.org/t/p/w500/jx5p0aHlbPXqe3AH9G15NvmWaqQ.jpg","Star Wars: Episode I - The Phantom Menace, 1893, http://image.tmdb.org/t/p/w500/n8V09dDc02KsSN6Q4hC2BX6hN8X.jpg","2017-05-08 18:29:31"
297761,137176,"Suicide Squad",2016,"Action, Adventure, Fantasy","David Ayer","Will Smith, Jaime FitzSimons, Ike Barinholtz, Margot Robbie","http://image.tmdb.org/t/p/w185/e1mjopzAS2KNsvpbpahQ1a6SkSn.jpg","https://www.youtube.com/watch?v=PLLQK9la6Go","X-Men: Apocalypse, 246655, http://image.tmdb.org/t/p/w500/zSouWWrySXshPCT4t3UKCQGayyo.jpg","Doctor Strange, 284052, http://image.tmdb.org/t/p/w500/4PiiNGXj1KENTmCBHeN6Mskj2Fq.jpg","Captain America: Civil War, 271110, http://image.tmdb.org/t/p/w500/kSBXou5Ac7vEqKd97wotJumyJvU.jpg","2017-05-08 18:35:14"
599,11250,"Sunset Boulevard",1950,"Drama, Film-Noir","Billy Wilder","William Holden, Gloria Swanson, Erich von Stroheim, Nancy Olson","http://image.tmdb.org/t/p/w185/oFwzvRgfxJc0FUr2mwYTi10dk3G.jpg","https://www.youtube.com/watch?v=klM1GSJsblQ","Double Indemnity, 996, http://image.tmdb.org/t/p/w500/q6Zs4YMbIBuEfCHCtufwPOkyIVz.jpg","Witness for the Prosecution, 37257, http://image.tmdb.org/t/p/w500/heY0CCUqN4DY3X30thssZkvWZwx.jpg","The Apartment, 284, http://image.tmdb.org/t/p/w500/8nrQKQjD6z0SJouKHQapXzmjFc6.jpg","2017-05-08 18:31:23"
525,67453,"The Blues Brothers",1980,"Action, Comedy, Crime","John Landis","John Belushi, Dan Aykroyd, James Brown, Cab Calloway","http://image.tmdb.org/t/p/w185/6hesUNBkpVRqBTBw2HlTg0h8b56.jpg","https://www.youtube.com/watch?v=2HCR4c1zPyk","Animal House, 8469, http://image.tmdb.org/t/p/w500/AuJkgAh7zAGsm7Oo3CGyDtYvzg0.jpg","Young Frankenstein, 3034, http://image.tmdb.org/t/p/w500/a3Bj2ht6liBFafNM46hqk9WEhcY.jpg","Blazing Saddles, 11072, http://image.tmdb.org/t/p/w500/yccgwPNVaqtgS1d0U5jjM6Mnza8.jpg","2017-05-08 18:36:17"
295693,150965,"The Boss Baby",2017,"Animation, Comedy, Family","Hendel Butoy, Tom McGrath","Alec Baldwin, Steve Buscemi, Jimmy Kimmel, Lisa Kudrow","http://image.tmdb.org/t/p/w185/unPB1iyEeTBcKiLg8W083rlViFH.jpg","https://www.youtube.com/watch?v=Ud8j5GaqH3c","Sing, 335797, http://image.tmdb.org/t/p/w500/eSVtBB2PVFbQiFWC7CQi3EjIZnn.jpg","Smurfs: The Lost Village, 137116, http://image.tmdb.org/t/p/w500/swt9crREg1UcKgg3wGWfoFNlXOz.jpg","Beauty and the Beast, 321612, http://image.tmdb.org/t/p/w500/tWqifoYuwLETmmasnGHO7xBjEtt.jpg","2017-05-08 18:03:44"
339988,13862,"The Circle",2000,"Drama","Jafar Panahi","Nargess Mamizadeh, Maryiam Palvin Almani, Mojgan Faramarzi, Elham Saboktakin","http://image.tmdb.org/t/p/w185/bQVqd5rWrx5GbXhJNuvKy4Viz6j.jpg","https://www.youtube.com/watch?v=QUlr8Am4zQ0","Going in Style, 353070, http://image.tmdb.org/t/p/w500/4nfWsdsJfO5srRZgxiWC9xHub0W.jpg","Guardians of the Galaxy Vol. 2, 283995, http://image.tmdb.org/t/p/w500/gaHepzSTMkGwsSKAqiBgroSCf07.jpg","The Founder, 310307, http://image.tmdb.org/t/p/w500/fxvlzT7yyKiZneTDPwk85BSw1JF.jpg","2017-05-08 18:26:35"
337339,148679,"The Fate of the Furious",2017,"Action, Adventure, Crime","F. Gary Gray","Vin Diesel, Jason Statham, Dwayne Johnson, Michelle Rodriguez","http://image.tmdb.org/t/p/w185/iNpz2DgTsTMPaDRZq2tnbqjL2vF.jpg","https://www.youtube.com/watch?v=-9FU7Ia-BKg","Guardians of the Galaxy Vol. 2, 283995, http://image.tmdb.org/t/p/w500/gaHepzSTMkGwsSKAqiBgroSCf07.jpg","Kong: Skull Island, 293167, http://image.tmdb.org/t/p/w500/r2517Vz9EhDhj88qwbDVj8DCRZN.jpg","Ghost in the Shell, 315837, http://image.tmdb.org/t/p/w500/myRzRzCxdfUWjkJWgpHHZ1oGkJd.jpg","2017-05-08 18:03:04"
238,37865,"The Godfather",1972,"Crime, Drama","Francis Ford Coppola","Marlon Brando, Al Pacino, James Caan, Richard S. Castellano","http://image.tmdb.org/t/p/w185/rPdtLWNsZmAtoZl9PK7S2wE3qiS.jpg","https://www.youtube.com/watch?v=5DO-nDW43Ik","The Godfather: Part II, 240, http://image.tmdb.org/t/p/w500/bVq65huQ8vHDd1a4Z37QtuyEvpA.jpg","The Godfather: Part III, 242, http://image.tmdb.org/t/p/w500/1hdm3Axw9LjITbApvAXBbqO58zE.jpg","GoodFellas, 769, http://image.tmdb.org/t/p/w500/hAPeXBdGDGmXRPj4OZZ0poH65Iu.jpg","2017-05-08 18:11:58"
429,24276,"The Good, the Bad and the Ugly",1966,"Western","Sergio Leone","Eli Wallach, Clint Eastwood, Lee Van Cleef, Aldo Giuffrè","http://image.tmdb.org/t/p/w185/wfPHdfofBD5PN96dV96a51B3Ja2.jpg","https://www.youtube.com/watch?v=WCN5JJY_wiA","For a Few Dollars More, 938, http://image.tmdb.org/t/p/w500/o4y1dlqXFETChi1QW2TspfrCJ8e.jpg","A Fistful of Dollars, 391, http://image.tmdb.org/t/p/w500/sFLgxvtK9vxbNq502peVJ847Owp.jpg","Once Upon a Time in the West, 335, http://image.tmdb.org/t/p/w500/giwzmbbRZDva184wBOHDXlrmBa3.jpg","2017-05-08 18:40:25"
273248,133768,"The Hateful Eight",2015,"Crime, Drama, Mystery","Quentin Tarantino","Samuel L. Jackson, Kurt Russell, Jennifer Jason Leigh, Walton Goggins","http://image.tmdb.org/t/p/w185/fqe8JxDNO8B8QfOGTdjh6sPCdSC.jpg","https://www.youtube.com/watch?v=6_UI1GzaWv0","Sicario, 273481, http://image.tmdb.org/t/p/w500/p2SdfGmQRaw8xhFbexlHL7srMM8.jpg","The Revenant, 281957, http://image.tmdb.org/t/p/w500/oXUWEc5i3wYyFnL1Ycu8ppxxPvs.jpg","The Big Short, 318846, http://image.tmdb.org/t/p/w500/p11Ftd4VposrAzthkhF53ifYZRl.jpg","2017-05-08 18:38:30"
8587,51100,"The Lion King",1994,"Animation, Adventure, Drama","Roger Allers, Rob Minkoff","Rowan Atkinson, Matthew Broderick, Niketa Calame, Jim Cummings","http://image.tmdb.org/t/p/w185/bKPtXn9n4M4s8vvZrbw40mYsefB.jpg","https://www.youtube.com/watch?v=4sj1MT05lAA","Aladdin, 812, http://image.tmdb.org/t/p/w500/qsHpmqekgeQKMKL8PWnFsrXTXGs.jpg","Finding Nemo, 12, http://image.tmdb.org/t/p/w500/zjqInUwldOBa0q07fOyohYCWxWX.jpg","Toy Story, 862, http://image.tmdb.org/t/p/w500/rhIRbceoE9lR4veEXuwCC2wARtG.jpg","2017-05-08 18:35:50"
333484,140963,"The Magnificent Seven",2016,"Action, Adventure, Western","Antoine Fuqua","Denzel Washington, Chris Pratt, Ethan Hawke, Vincent D'Onofrio","http://image.tmdb.org/t/p/w185/cparcxTFuHdlSOP3MJOpN7Ec9NB.jpg","https://www.youtube.com/watch?v=q-RBA0xoaWU","The Accountant, 302946, http://image.tmdb.org/t/p/w500/afhAUuWVB7k7PjJUd4lwO3rzhSq.jpg","War Dogs, 308266, http://image.tmdb.org/t/p/w500/hmNzppVQq9Qj8Ai8bLIseB5gY51.jpg","Deepwater Horizon, 296524, http://image.tmdb.org/t/p/w500/7D6hM7IR0TbQmNvSZVtEiPM3H5h.jpg","2017-05-08 18:40:57"
963,73753,"The Maltese Falcon",1941,"Crime, Film-Noir, Mystery","John Huston","Humphrey Bogart, Mary Astor, Gladys George, Peter Lorre","http://image.tmdb.org/t/p/w185/95OOYSeegOX4XW8nAeFJSIdxfM4.jpg","https://www.youtube.com/watch?v=ognCw56CjFw","The Treasure of the Sierra Madre, 3090, http://image.tmdb.org/t/p/w500/e3lYTRwiDVPQv07xKldwlLAXikN.jpg","The Big Sleep, 910, http://image.tmdb.org/t/p/w500/ttUJSTKBdu1dR8d24FaoS4S1GFJ.jpg","Double Indemnity, 996, http://image.tmdb.org/t/p/w500/q6Zs4YMbIBuEfCHCtufwPOkyIVz.jpg","2017-05-08 18:32:07"
281957,134046,"The Revenant",2015,"Adventure, Drama, Thriller","Alejandro González Iñárritu","Leonardo DiCaprio, Tom Hardy, Domhnall Gleeson, Will Poulter","http://image.tmdb.org/t/p/w185/oXUWEc5i3wYyFnL1Ycu8ppxxPvs.jpg","https://www.youtube.com/watch?v=QRfj1VCg16Y","The Hateful Eight, 273248, http://image.tmdb.org/t/p/w500/fqe8JxDNO8B8QfOGTdjh6sPCdSC.jpg","The Big Short, 318846, http://image.tmdb.org/t/p/w500/p11Ftd4VposrAzthkhF53ifYZRl.jpg","Spotlight, 314365, http://image.tmdb.org/t/p/w500/ngKxbvsn9Si5TYVJfi1EGAGwThU.jpg","2017-05-08 18:39:01"
328111,135934,"The Secret Life of Pets",2016,"Animation, Adventure, Comedy","Chris Renaud, Yarrow Cheney","Louis C.K., Eric Stonestreet, Kevin Hart, Jenny Slate","http://image.tmdb.org/t/p/w185/WLQN5aiQG8wc9SeKwixW7pAR8K.jpg","https://www.youtube.com/watch?v=i-80SGWfEjM","Finding Dory, 127380, http://image.tmdb.org/t/p/w500/z09QAf8WbZncbitewNk6lKYMZsh.jpg","Zootopia, 269149, http://image.tmdb.org/t/p/w500/sM33SANp9z6rXW8Itn7NnG1GOEs.jpg","The Angry Birds Movie, 153518, http://image.tmdb.org/t/p/w500/s7jqPeMZRufhisx6o5jN74OH4SC.jpg","2017-05-08 18:04:21"
274,76254,"The Silence of the Lambs",1991,"Crime, Drama, Thriller","Jonathan Demme","Jodie Foster, Lawrence A. Bonney, Kasi Lemmons, Lawrence T. Wrentz","http://image.tmdb.org/t/p/w185/qjAyTj2BSth1EQ89vNfo0JYVPFN.jpg","https://www.youtube.com/watch?v=p8yWf-N5Jdw","Hannibal, 9740, http://image.tmdb.org/t/p/w500/v5wAZwRqpGWmyAaaJ8BBHYuNXnj.jpg","The Sixth Sense, 745, http://image.tmdb.org/t/p/w500/imps263dHNe3SuoaAJORZyNTdDT.jpg","Red Dragon, 9533, http://image.tmdb.org/t/p/w500/sULs7GLEM2tqNBwE5ac5d6FRlBR.jpg","2017-05-08 18:25:40"
41513,72492,"The Smurfs",2011,"Animation, Adventure, Comedy","Raja Gosnell","Hank Azaria, Neil Patrick Harris, Jayma Mays, Sofía Vergara","http://image.tmdb.org/t/p/w185/8W9L7ByduypXKD7AticK7GvGqTE.jpg","https://www.youtube.com/watch?v=yhBpgqXwrt8","The Smurfs 2, 77931, http://image.tmdb.org/t/p/w500/mF2FXzZ3EktWoagU4fzoabNsK6J.jpg","Alvin and the Chipmunks, 6477, http://image.tmdb.org/t/p/w500/sAt2yb4dgrpkHjbB9dQaKD9Caor.jpg","Madagascar: Escape 2 Africa, 10527, http://image.tmdb.org/t/p/w500/9mohxwknsHcwFBSAAhoQXwFV5zn.jpg","2017-05-08 18:13:12"
1092,66981,"The Third Man",1949,"Film-Noir, Mystery, Thriller","Carol Reed","Joseph Cotten, Alida Valli, Orson Welles, Trevor Howard","http://image.tmdb.org/t/p/w185/xsVmiQG7s2T0UIctSpDvpNv9CX5.jpg","https://www.youtube.com/watch?v=F-QWLAndD1E","The Treasure of the Sierra Madre, 3090, http://image.tmdb.org/t/p/w500/e3lYTRwiDVPQv07xKldwlLAXikN.jpg","The Maltese Falcon, 963, http://image.tmdb.org/t/p/w500/95OOYSeegOX4XW8nAeFJSIdxfM4.jpg","On the Waterfront, 654, http://image.tmdb.org/t/p/w500/2AKM5RxGoerG5v1x4TWu36MDxqT.jpg","2017-05-08 18:31:38"
11969,72008,"Tombstone",1993,"Action, Biography, Drama","George P. Cosmatos, Kevin Jarre","Kurt Russell, Val Kilmer, Sam Elliott, Bill Paxton","http://image.tmdb.org/t/p/w185/xYVtxxQjY0ZT80mMu9kyz4A9QR6.jpg","https://www.youtube.com/watch?v=XTWYKf5hXIg","Young Guns, 11967, http://image.tmdb.org/t/p/w500/wkGbwWHIM23BkmMBm7GQHaCZan8.jpg","Maverick, 9359, http://image.tmdb.org/t/p/w500/vBQjwzheZGwNpLQSdp671X0Nu6O.jpg","Wyatt Earp, 12160, http://image.tmdb.org/t/p/w500/zSGDgcWHqmQxmX4mLJZgT5UgLjj.jpg","2017-05-08 18:38:44"
136799,139664,"Trolls",2016,"Animation, Adventure, Comedy","Walt Dohrn, Mike Mitchell","Anna Kendrick, Justin Timberlake, Zooey Deschanel, Christopher Mintz-Plasse","http://image.tmdb.org/t/p/w185/zKu5MNy9QW1a5ZHgv7iAp3kRZpE.jpg","https://www.youtube.com/watch?v=tDnRVKPjj8k","Storks, 332210, http://image.tmdb.org/t/p/w500/5qVD5TD1CiALR5vUsMzh2BschVU.jpg","Sing, 335797, http://image.tmdb.org/t/p/w500/eSVtBB2PVFbQiFWC7CQi3EjIZnn.jpg","Pete's Dragon, 294272, http://image.tmdb.org/t/p/w500/3Okhhyunc9QJUHtnglK6p1Rw3W3.jpg","2017-05-08 18:04:10"
3034,63526,"Young Frankenstein",1974,"Comedy","Mel Brooks","Gene Wilder, Peter Boyle, Marty Feldman, Madeline Kahn","http://image.tmdb.org/t/p/w185/a3Bj2ht6liBFafNM46hqk9WEhcY.jpg","https://www.youtube.com/watch?v=7csc1O21jDU","Blazing Saddles, 11072, http://image.tmdb.org/t/p/w500/yccgwPNVaqtgS1d0U5jjM6Mnza8.jpg","The Producers, 30197, http://image.tmdb.org/t/p/w500/iqKheDdYS3XFvd6cpr6QR9rxdlk.jpg","Animal House, 8469, http://image.tmdb.org/t/p/w500/AuJkgAh7zAGsm7Oo3CGyDtYvzg0.jpg","2017-05-08 18:13:37"
372058,147477,"Your Name.",2016,"Animation, Drama, Fantasy","Makoto Shinkai","Ryûnosuke Kamiki, Mone Kamishiraishi, Ryô Narita, Aoi Yuki","http://image.tmdb.org/t/p/w185/xq1Ugd62d23K2knRUx6xxuALTZB.jpg","https://www.youtube.com/watch?v=RBBrZ3d2sJE","The Boy and the Beast, 315465, http://image.tmdb.org/t/p/w500/v3Dz6KuSC4srTqgDwbEPkjdcOGw.jpg","5 Centimeters Per Second, 38142, http://image.tmdb.org/t/p/w500/wX7RbjclqHoSWd4NGouDisBHq1o.jpg","The Garden of Words, 198375, http://image.tmdb.org/t/p/w500/oZSfJH1IwOPla2ZGVli6YIBxYxz.jpg","2017-05-08 18:21:21"
269149,134704,"Zootopia",2016,"Animation, Adventure, Comedy","Byron Howard, Rich Moore, Jared Bush","Ginnifer Goodwin, Jason Bateman, Idris Elba, Jenny Slate","http://image.tmdb.org/t/p/w185/sM33SANp9z6rXW8Itn7NnG1GOEs.jpg","https://www.youtube.com/watch?v=jWM0ct-OLsM","Inside Out, 150540, http://image.tmdb.org/t/p/w500/aAmfIX3TT40zUHGcCKrlOZRKC7u.jpg","The Jungle Book, 278927, http://image.tmdb.org/t/p/w500/vOipe2myi26UDwP978hsYOrnUWC.jpg","Kung Fu Panda 3, 140300, http://image.tmdb.org/t/p/w500/MZFPacfKzgisnPoJIPEFZUXBBT.jpg","2017-05-08 18:21:42"
