tmdbId,guideBoxId,title,year,genre,rating,director,actors,poster,backdrop,trailer,plot,rec1,rec2,rec3,created_at
11,55413,"Star Wars: Episode IV - A New Hope",1977,"Action, Adventure, Fantasy",PG,"George Lucas","Mark Hamill, Harrison Ford, Carrie Fisher, Peter Cushing",https://image.tmdb.org/t/p/w500/tvSlBzAdRE29bZe5yYWrJ2ds137.jpg,https://image.tmdb.org/t/p/original/4iJfYYoQzZcONB9hNzg0J0wWyPH.jpg,https://www.youtube.com/embed/vZ734NWnAHA?rel=0&autoplay=1,"Luke Skywalker joins forces with a Jedi Knight, a cocky pilot, a wookiee and two droids to save the galaxy from the Empire's world-destroying battle-station, while also attempting to rescue Princess Leia from the evil Darth Vader.","The Empire Strikes Back, 1891, https://image.tmdb.org/t/p/w500/6u1fYtxG5eqjhtCPDx04pJphQRW.jpg","Return of the Jedi, 1892, https://image.tmdb.org/t/p/w500/jx5p0aHlbPXqe3AH9G15NvmWaqQ.jpg","Star Wars: Episode I - The Phantom Menace, 1893, https://image.tmdb.org/t/p/w500/n8V09dDc02KsSN6Q4hC2BX6hN8X.jpg","2017-05-15 11:10:06"
129,13996,"Spirited Away",2001,"Animation, Adventure, Family",PG,"Hayao Miyazaki","Rumi Hiiragi, Miyu Irino, Mari Natsuki, Takashi Naitô",https://image.tmdb.org/t/p/w500/ynXoOxmDHNQ4UAy0oU6avW71HVW.jpg,https://image.tmdb.org/t/p/original/mnpRKVSXBX6jb56nabvmGKA0Wig.jpg,https://www.youtube.com/embed/0lzccY1-PNs?rel=0&autoplay=1,"During her family's move to the suburbs, a sullen 10-year-old girl wanders into a world ruled by gods, witches, and spirits, and where humans are changed into beasts.","Howl's Moving Castle, 4935, https://image.tmdb.org/t/p/w500/iMarB2ior30OAXjPa7QIdeyUfM1.jpg","Princess Mononoke, 128, https://image.tmdb.org/t/p/w500/gzlJkVfWV5VEG5xK25cvFGJgkDz.jpg","My Neighbor Totoro, 8392, https://image.tmdb.org/t/p/w500/2i0OOjvi7CqNQA6ZtYJtL65P9oZ.jpg","2017-05-15 11:10:06"
238,37865,"The Godfather",1972,"Crime, Drama",R,"Francis Ford Coppola","Marlon Brando, Al Pacino, James Caan, Richard S. Castellano",https://image.tmdb.org/t/p/w500/rPdtLWNsZmAtoZl9PK7S2wE3qiS.jpg,https://image.tmdb.org/t/p/original/6xKCYgH16UuwEGAyroLU6p8HLIn.jpg,"Sorry, No trailer is currently available","The aging patriarch of an organized crime dynasty transfers control of his clandestine empire to his reluctant son.","The Godfather: Part II, 240, https://image.tmdb.org/t/p/w500/bVq65huQ8vHDd1a4Z37QtuyEvpA.jpg","The Godfather: Part III, 242, https://image.tmdb.org/t/p/w500/1hdm3Axw9LjITbApvAXBbqO58zE.jpg","GoodFellas, 769, https://image.tmdb.org/t/p/w500/hAPeXBdGDGmXRPj4OZZ0poH65Iu.jpg","2017-05-15 11:10:06"
274,76254,"The Silence of the Lambs",1991,"Crime, Drama, Thriller",R,"Jonathan Demme","Jodie Foster, Lawrence A. Bonney, Kasi Lemmons, Lawrence T. Wrentz",https://image.tmdb.org/t/p/w500/qjAyTj2BSth1EQ89vNfo0JYVPFN.jpg,https://image.tmdb.org/t/p/original/upTn8UYt1n92opIEIyzh8HljB0F.jpg,https://www.youtube.com/embed/W6Mm8Sbe__o?rel=0&autoplay=1,"A young F.B.I. cadet must confide in an incarcerated and manipulative killer to receive his help on catching another serial killer who skins his victims.","Hannibal, 9740, https://image.tmdb.org/t/p/w500/v5wAZwRqpGWmyAaaJ8BBHYuNXnj.jpg","Red Dragon, 9533, https://image.tmdb.org/t/p/w500/sULs7GLEM2tqNBwE5ac5d6FRlBR.jpg","The Sixth Sense, 745, https://image.tmdb.org/t/p/w500/imps263dHNe3SuoaAJORZyNTdDT.jpg","2017-05-15 11:10:06"
348,34532,Alien,1979,"Horror, Sci-Fi",R,"Ridley Scott","Tom Skerritt, Sigourney Weaver, Veronica Cartwright, Harry Dean Stanton",https://image.tmdb.org/t/p/w500/2h00HrZs89SL3tXB4nbkiM7BKHs.jpg,https://image.tmdb.org/t/p/original/si4PH5RjbpdQZi3BQvV6eiBNjYD.jpg,https://www.youtube.com/embed/097uj1HjkbM?rel=0&autoplay=1,"After a space merchant vessel perceives an unknown transmission as distress call, their landing on the source moon finds one of the crew attacked by a mysterious life-form, and soon realize that its life cycle has merely begun.","Aliens, 679, https://image.tmdb.org/t/p/w500/nORMXEkYEbzkU5WkMWMgRDJwjSZ.jpg","Alien³, 8077, https://image.tmdb.org/t/p/w500/p7mUd9GpmCYV5qhkKGmiEerFK3i.jpg","Alien: Resurrection, 8078, https://image.tmdb.org/t/p/w500/39WJ2YoLoWyDHxpTIwWT7AOKtZT.jpg","2017-05-15 11:12:33"
395,12034,"AVP: Alien vs. Predator",2004,"Action, Horror, Sci-Fi",PG-13,"Paul W.S. Anderson","Sanaa Lathan, Raoul Bova, Lance Henriksen, Ewen Bremner",https://image.tmdb.org/t/p/w500/9xzRKUBIqLwhhOYtcE7P1BbWXP9.jpg,https://image.tmdb.org/t/p/original/1vRCFWKPydH82T1wsPMYkRjcZXY.jpg,https://www.youtube.com/embed/gDMa68ptp2w?rel=0&autoplay=1,"During an archaeological expedition on Bouvetøya Island in Antarctica, a team of archaeologists and other scientists find themselves caught up in a battle between the two legends. Soon, the team realize that only one species can win.","Aliens vs Predator: Requiem, 440, https://image.tmdb.org/t/p/w500/bpA5nTpqb6qLWYwmyN61dViKrRt.jpg","Predator 2, 169, https://image.tmdb.org/t/p/w500/4cAQgbIPislEeBJahLO5BsqAUZN.jpg","Alien: Resurrection, 8078, https://image.tmdb.org/t/p/w500/39WJ2YoLoWyDHxpTIwWT7AOKtZT.jpg","2017-05-15 11:12:28"
429,24276,"The Good, the Bad and the Ugly",1966,Western,APPROVED,"Sergio Leone","Eli Wallach, Clint Eastwood, Lee Van Cleef, Aldo Giuffrè",https://image.tmdb.org/t/p/w500/wfPHdfofBD5PN96dV96a51B3Ja2.jpg,https://image.tmdb.org/t/p/original/xGC2fY5KFmtuXnsuQwYQKFOLZFy.jpg,https://www.youtube.com/embed/WCN5JJY_wiA?rel=0&autoplay=1,"A bounty hunting scam joins two men in an uneasy alliance against a third in a race to find a fortune in gold buried in a remote cemetery.","For a Few Dollars More, 938, https://image.tmdb.org/t/p/w500/o4y1dlqXFETChi1QW2TspfrCJ8e.jpg","A Fistful of Dollars, 391, https://image.tmdb.org/t/p/w500/sFLgxvtK9vxbNq502peVJ847Owp.jpg","Once Upon a Time in the West, 335, https://image.tmdb.org/t/p/w500/giwzmbbRZDva184wBOHDXlrmBa3.jpg","2017-05-15 11:10:06"
433,62075,"Mary Poppins",1964,"Comedy, Family, Fantasy",G,"Robert Stevenson","Julie Andrews, Dick Van Dyke, David Tomlinson, Glynis Johns",https://image.tmdb.org/t/p/w500/cjIIKTkeE8eKAmYULEZg6wKPZVe.jpg,https://image.tmdb.org/t/p/original/7DbgR36Sct5gcyEAzoM8bqiTYUV.jpg,https://www.youtube.com/embed/cXMvCTLIaqM?rel=0&autoplay=1,"In turn of the century London, a magical nanny employs music and adventure to help two neglected children become closer to their father.","The Sound of Music, 15121, https://image.tmdb.org/t/p/w500/459fPVvI4lkEV0piSfcq0irKHi8.jpg","Fantasia, 756, https://image.tmdb.org/t/p/w500/mSJgxrTaTgDSOoggIPcj3ZoZswT.jpg","Sleeping Beauty, 10882, https://image.tmdb.org/t/p/w500/iFJGafuB2f2IJWG2EmdtUpgfAn6.jpg","2017-05-15 11:10:06"
521,28388,"Dial M for Murder",1954,"Crime, Film-Noir, Thriller",PG,"Alfred Hitchcock","Ray Milland, Grace Kelly, Robert Cummings, John Williams",https://image.tmdb.org/t/p/w500/xrpK1PyckNWmRxU4kZURfaCyboS.jpg,https://image.tmdb.org/t/p/original/kmSrCmhF3mB15woqQ7z3Y4UGRwr.jpg,https://www.youtube.com/embed/urIXnyF0aJ0?rel=0&autoplay=1,"An ex-tennis pro carries out a plot to murder his wife. When things go wrong, he improvises a brilliant plan B.","Strangers on a Train, 845, https://image.tmdb.org/t/p/w500/akslUekHOWvE0UFBVb4GRkxRRoi.jpg","Rope, 1580, https://image.tmdb.org/t/p/w500/9UlEZpKqJPoaFu1OfHM3BohSRUo.jpg","Notorious, 303, https://image.tmdb.org/t/p/w500/pi5YexkEQ9BZIWovB5SyPmjCBjG.jpg","2017-05-15 11:10:06"
599,11250,"Sunset Boulevard",1950,"Drama, Film-Noir",PASSED,"Billy Wilder","William Holden, Gloria Swanson, Erich von Stroheim, Nancy Olson",https://image.tmdb.org/t/p/w500/oFwzvRgfxJc0FUr2mwYTi10dk3G.jpg,https://image.tmdb.org/t/p/original/49OTCCPYlARRe2JS1PAhPJmFkIW.jpg,https://www.youtube.com/embed/klM1GSJsblQ?rel=0&autoplay=1,"A screenwriter is hired to rework a faded silent film star's script only to find himself developing a dangerous relationship.","Witness for the Prosecution, 37257, https://image.tmdb.org/t/p/w500/heY0CCUqN4DY3X30thssZkvWZwx.jpg","The Apartment, 284, https://image.tmdb.org/t/p/w500/8nrQKQjD6z0SJouKHQapXzmjFc6.jpg","Double Indemnity, 996, https://image.tmdb.org/t/p/w500/q6Zs4YMbIBuEfCHCtufwPOkyIVz.jpg","2017-05-15 11:10:06"
621,20730,Grease,1978,"Musical, Romance",PG-13,"Randal Kleiser","John Travolta, Olivia Newton-John, Stockard Channing, Jeff Conaway",https://image.tmdb.org/t/p/w500/iMHdFTrCYhue74sBnXkdO39AJ3R.jpg,https://image.tmdb.org/t/p/original/dSukjx8A3kOitewpG2n7HuRt4rH.jpg,https://www.youtube.com/embed/wzWmxjYNfz4?rel=0&autoplay=1,"Good girl Sandy and greaser Danny fell in love over the summer. When they unexpectedly discover they're now in the same high school, will they be able to rekindle their romance?","Dirty Dancing, 88, https://image.tmdb.org/t/p/w500/zMHIZHxKv6kdE3JFQqZFqj7OswK.jpg","Pretty Woman, 114, https://image.tmdb.org/t/p/w500/fgmdaCMxXClZm2ePteLzCPySB1n.jpg","Saturday Night Fever, 11009, https://image.tmdb.org/t/p/w500/uC0GIPI54UiqrIQsnq6C0qXSIwp.jpg","2017-05-15 11:10:06"
679,31643,Aliens,1986,"Action, Adventure, Sci-Fi",R,"James Cameron","Sigourney Weaver, Carrie Henn, Michael Biehn, Paul Reiser",https://image.tmdb.org/t/p/w500/nORMXEkYEbzkU5WkMWMgRDJwjSZ.jpg,https://image.tmdb.org/t/p/original/r2zB2vGLDQVxlRZISH7KzQ6reiC.jpg,https://www.youtube.com/embed/LSHAgmGR-Ig?rel=0&autoplay=1,"The moon from Alien (1979) has been colonized, but contact is lost. This time, the rescue team has impressive firepower, but will it be enough?","Alien, 348, https://image.tmdb.org/t/p/w500/2h00HrZs89SL3tXB4nbkiM7BKHs.jpg","Alien³, 8077, https://image.tmdb.org/t/p/w500/p7mUd9GpmCYV5qhkKGmiEerFK3i.jpg","Alien: Resurrection, 8078, https://image.tmdb.org/t/p/w500/39WJ2YoLoWyDHxpTIwWT7AOKtZT.jpg","2017-05-15 11:12:35"
824,76975,"Moulin Rouge!",2001,"Drama, Musical, Romance",PG-13,"Baz Luhrmann","Nicole Kidman, Ewan McGregor, John Leguizamo, Jim Broadbent",https://image.tmdb.org/t/p/w500/xhuQz2yKPlWvMvvnf2u9RVkAQx6.jpg,https://image.tmdb.org/t/p/original/qj3TAGH89t8nkdTH7N6Ge1HTvGj.jpg,https://www.youtube.com/embed/dtEgAx80NC4?rel=0&autoplay=1,"A poet falls for a beautiful courtesan whom a jealous duke covets.","Chicago, 1574, https://image.tmdb.org/t/p/w500/18pCc2XZ5MO7wsywOYEbhoeuxNw.jpg","Shakespeare in Love, 1934, https://image.tmdb.org/t/p/w500/sAN5jedynbs3pa3ww0UXQ1k0lRF.jpg","Australia, 6972, https://image.tmdb.org/t/p/w500/lgnwsUpqmEz40guXX92ACETptpB.jpg","2017-05-15 11:10:06"
920,71875,Cars,2006,"Animation, Adventure, Comedy",G,"John Lasseter, Joe Ranft","Owen Wilson, Paul Newman, Bonnie Hunt, Larry the Cable Guy",https://image.tmdb.org/t/p/w500/5damnMcRFKSjhCirgX3CMa88MBj.jpg,https://image.tmdb.org/t/p/original/a1MlbLBk5Sy6YvMbSuKfwGlDVlb.jpg,https://www.youtube.com/embed/SbXIj2T-_uk?rel=0&autoplay=1,"A hot-shot race-car named Lightning McQueen gets waylaid in Radiator Springs, where he finds the true meaning of friendship and family.","Cars 2, 49013, https://image.tmdb.org/t/p/w500/AblhtULOVtrkSnFxRPQ8gBemxw9.jpg","Madagascar, 953, https://image.tmdb.org/t/p/w500/2YiESGB68BGQSAFvfJxBi774sc4.jpg","Monsters, Inc., 585, https://image.tmdb.org/t/p/w500/93Y9BGx8blzmZOPSoivkFfaifqU.jpg","2017-05-15 11:10:06"
963,73753,"The Maltese Falcon",1941,"Crime, Film-Noir, Mystery",APPROVED,"John Huston","Humphrey Bogart, Mary Astor, Gladys George, Peter Lorre",https://image.tmdb.org/t/p/w500/95OOYSeegOX4XW8nAeFJSIdxfM4.jpg,https://image.tmdb.org/t/p/original/hQGUl6rlAfUFifCLb9bukpJH42P.jpg,https://www.youtube.com/embed/ognCw56CjFw?rel=0&autoplay=1,"A private detective takes on a case that involves him with three eccentric criminals, a gorgeous liar, and their quest for a priceless statuette.","The Treasure of the Sierra Madre, 3090, https://image.tmdb.org/t/p/w500/e3lYTRwiDVPQv07xKldwlLAXikN.jpg","The Big Sleep, 910, https://image.tmdb.org/t/p/w500/ttUJSTKBdu1dR8d24FaoS4S1GFJ.jpg","Double Indemnity, 996, https://image.tmdb.org/t/p/w500/q6Zs4YMbIBuEfCHCtufwPOkyIVz.jpg","2017-05-15 11:10:06"
1092,66981,"The Third Man",1949,"Film-Noir, Mystery, Thriller",APPROVED,"Carol Reed","Joseph Cotten, Alida Valli, Orson Welles, Trevor Howard",https://image.tmdb.org/t/p/w500/xsVmiQG7s2T0UIctSpDvpNv9CX5.jpg,https://image.tmdb.org/t/p/original/lrIuSWdC1LfKJZUnBX6axJxzZGe.jpg,https://www.youtube.com/embed/F-QWLAndD1E?rel=0&autoplay=1,"Pulp novelist Holly Martins travels to shadowy, postwar Vienna, only to find himself investigating the mysterious death of an old friend, Harry Lime.","The Treasure of the Sierra Madre, 3090, https://image.tmdb.org/t/p/w500/e3lYTRwiDVPQv07xKldwlLAXikN.jpg","The Maltese Falcon, 963, https://image.tmdb.org/t/p/w500/95OOYSeegOX4XW8nAeFJSIdxfM4.jpg","Touch of Evil, 1480, https://image.tmdb.org/t/p/w500/4fkBpBB461nZhee5vb8uVsiBAQM.jpg","2017-05-15 11:10:06"
1726,67925,"Iron Man",2008,"Action, Adventure, Sci-Fi",PG-13,"Jon Favreau","Robert Downey Jr., Terrence Howard, Jeff Bridges, Gwyneth Paltrow",https://image.tmdb.org/t/p/w500/s2IG9qXfhJYxIttKyroYFBsHwzQ.jpg,https://image.tmdb.org/t/p/original/ZQixhAZx6fH1VNafFXsqa1B8QI.jpg,https://www.youtube.com/embed/KAE5ymVLmZg?rel=0&autoplay=1,"After being held captive in an Afghan cave, billionaire engineer Tony Stark creates a unique weaponized suit of armor to fight evil.","Iron Man 2, 10138, https://image.tmdb.org/t/p/w500/ArqpkNYGfcTIA6umWt6xihfIZZv.jpg","Captain America: The First Avenger, 1771, https://image.tmdb.org/t/p/w500/vSNxAJTlD0r02V9sPYpOjqDZXUK.jpg","Thor, 10195, https://image.tmdb.org/t/p/w500/bIuOWTtyFPjsFDevqvF3QrD1aun.jpg","2017-05-15 11:10:06"
2080,43659,"X-Men Origins: Wolverine",2009,"Action, Adventure, Sci-Fi",PG-13,"Gavin Hood","Hugh Jackman, Liev Schreiber, Danny Huston, Will.i.am",https://image.tmdb.org/t/p/w500/kqO36IYvWbRKMPiUeiVZUFH06Rc.jpg,https://image.tmdb.org/t/p/original/mEuDxpLNBCarVgXRqDznHT7bdS8.jpg,https://www.youtube.com/embed/Diqtd1gTUEc?rel=0&autoplay=1,"A look at Wolverine's early life, in particular his time with the government squad Team X and the impact it will have on his later years.","X-Men: The Last Stand, 36668, https://image.tmdb.org/t/p/w500/oEtjB6MjCW76eBzPnh5DDg6bVQz.jpg","X-Men, 36657, https://image.tmdb.org/t/p/w500/k01Q6ATbfzNJgw4Zuoj0LTY3T9x.jpg","X2, 36658, https://image.tmdb.org/t/p/w500/8TAPuoephNAiRGgBobP4xQl0QGK.jpg","2017-05-15 11:13:21"
2670,9481,It,1990,"Drama, Fantasy, Horror",TV-14,N/A,"Harry Anderson, Dennis Christopher, Richard Masur, Annette O'Toole",https://image.tmdb.org/t/p/w500/paW0Tc8qNsddCuMJ9M1WnNgOvy1.jpg,https://image.tmdb.org/t/p/original/aSBudWGGhrRrkWAbG3U3mHOs8kg.jpg,https://www.youtube.com/embed/iMspVKv56vQ?rel=0&autoplay=1,"In 1960, seven pre-teen outcasts fight an evil demon who poses as a child-killing clown. Thirty years later, they reunite to stop the demon once and for all when it returns to their hometown.","Pet Sematary, 8913, https://image.tmdb.org/t/p/w500/9zUax4pjRgoPIJla9CQejqNJofB.jpg","Christine, 8769, https://image.tmdb.org/t/p/w500/eIFakrk7xLwiNNoiottTBN5EIwy.jpg","Candyman, 9529, https://image.tmdb.org/t/p/w500/w5YQqrwzreHfa7RmXCB7rpLLxbe.jpg","2017-05-15 11:10:06"
3034,63526,"Young Frankenstein",1974,Comedy,PG,"Mel Brooks","Gene Wilder, Peter Boyle, Marty Feldman, Madeline Kahn",https://image.tmdb.org/t/p/w500/a3Bj2ht6liBFafNM46hqk9WEhcY.jpg,https://image.tmdb.org/t/p/original/xniibygKalBzJg2yCugPwZCJe31.jpg,https://www.youtube.com/embed/7csc1O21jDU?rel=0&autoplay=1,"An American grandson of the infamous scientist, struggling to prove that he is not as insane as people believe, is invited to Transylvania, where he discovers the process that reanimates a dead body.","Blazing Saddles, 11072, https://image.tmdb.org/t/p/w500/yccgwPNVaqtgS1d0U5jjM6Mnza8.jpg","The Producers, 30197, https://image.tmdb.org/t/p/w500/iqKheDdYS3XFvd6cpr6QR9rxdlk.jpg","Spaceballs, 957, https://image.tmdb.org/t/p/w500/xWt9KAcToCRdJ6JH8JyZZlhkVgG.jpg","2017-05-15 11:10:06"
3309,45834,"Mildred Pierce",1945,"Crime, Drama, Film-Noir","NOT RATED","Michael Curtiz","Joan Crawford, Jack Carson, Zachary Scott, Eve Arden",https://image.tmdb.org/t/p/w500/WP1oQxIyGAIVfavlXcxkucCZAO.jpg,https://image.tmdb.org/t/p/original/5npM2IwrVtYEpd3xVnFVNx0kxN.jpg,https://www.youtube.com/embed/1EcURotUrcg?rel=0&autoplay=1,"A hard-working mother inches towards disaster as she divorces her husband and starts a successful restaurant business to support her spoiled daughter.","I Am a Fugitive from a Chain Gang, 29740, https://image.tmdb.org/t/p/w500/4MXCDU9C1g1Z1CgYuLRzlG1QJTS.jpg","Pickup on South Street, 25955, https://image.tmdb.org/t/p/w500/hUP1WoSQvJXfymSS15IFjJbHLKi.jpg","Sweet Smell of Success, 976, https://image.tmdb.org/t/p/w500/dZBi7DSd3zjraZY1mxYeI5JohOr.jpg","2017-05-15 11:10:06"
4133,34901,Blow,2001,"Biography, Crime, Drama",R,"Ted Demme","Johnny Depp, Penélope Cruz, Franka Potente, Rachel Griffiths",https://image.tmdb.org/t/p/w500/yCLLbZzAa7jreGus7pvjZmL0bj7.jpg,https://image.tmdb.org/t/p/original/lVlzUCVxMZCMnZxwauBK92jBS2b.jpg,https://www.youtube.com/embed/q8lGHQn_n9Y?rel=0&autoplay=1,"The story of George Jung, the man who established the American cocaine market in the 1970s.","Donnie Brasco, 9366, https://image.tmdb.org/t/p/w500/niqDLxwZ6GF0GLKUlkdKnOWfsvb.jpg","Fear and Loathing in Las Vegas, 1878, https://image.tmdb.org/t/p/w500/u9ffgobMADj6GCafeImbov566j9.jpg","Casino, 524, https://image.tmdb.org/t/p/w500/xo517ibXBDdYQY81j0WIG7BVcWq.jpg","2017-05-15 11:10:06"
4479,28152,"Les Miserables",1978,"Drama, History",N/A,"Glenn Jordan","Richard Jordan, Anthony Perkins, Cyril Cusack, Claude Dauphin",https://image.tmdb.org/t/p/w500/pKjYhzIOjZ2knZqibjkoc5rvEcm.jpg,https://image.tmdb.org/t/p/originalnull,"Sorry, No trailer is currently available","Jean Valjean, convicted of stealing bread, is hounded for decades by the relentless and cruel policeman Javert.","George Wallace, 61445, https://image.tmdb.org/t/p/w500/edhs7A0EYrEEzvT1rajWtNC5bH0.jpg","Frankenstein: The True Story, 3105, https://image.tmdb.org/t/p/w500/xaFr9TowExdfReYA0aV5bTQTscH.jpg","The Man in the Iron Mask, 4199, https://image.tmdb.org/t/p/w500/30JmeTsNT1CCsGGEyveTdDW1tCT.jpg","2017-05-15 11:10:06"
6522,20781,Life,1999,"Comedy, Crime, Drama",R,"Ted Demme","Eddie Murphy, Martin Lawrence, Obba Babatundé, Nick Cassavetes",https://image.tmdb.org/t/p/w500/c9phL8FXuL7i15CrjQH5PfM60NB.jpg,https://image.tmdb.org/t/p/original/qDvtbrCrK29qcBACXNFtuHO2aJM.jpg,https://www.youtube.com/embed/_0LkiWPmnns?rel=0&autoplay=1,"The story of wrongfully convicted men (Eddie Murphy and Martin Lawrence) who discover the value of life after serving 65 years in prison.","Bulletproof, 10723, https://image.tmdb.org/t/p/w500/fUIX9vUzaku5KFLV1fNlDEExr3k.jpg","Down to Earth, 16300, https://image.tmdb.org/t/p/w500/zp6hH5R0sFMpGDkTdmpSQozkBVA.jpg","Metro, 8860, https://image.tmdb.org/t/p/w500/5fLP5go9bMQImOZUo72YLcHspau.jpg","2017-05-15 11:10:06"
7445,39485,Brothers,2009,"Drama, Thriller, War",R,"Jim Sheridan","Tobey Maguire, Jake Gyllenhaal, Natalie Portman, Sam Shepard",https://image.tmdb.org/t/p/w500/rfLmpW2tzI40g91GiU0WSiMIxox.jpg,https://image.tmdb.org/t/p/original/5wWe5mAZ8vK6dv8YLtHuqmgTO1u.jpg,https://www.youtube.com/embed/kJtEUfSAfOk?rel=0&autoplay=1,"A young man comforts his older brother's wife and children after he goes missing in Afghanistan.","Jarhead, 25, https://image.tmdb.org/t/p/w500/iEYnXqUsfTaKwO1svSa39Ap07of.jpg","Revolutionary Road, 4148, https://image.tmdb.org/t/p/w500/bnOK1lmdlqdy2HX6IgKx9TQD7Ax.jpg","The Good Girl, 9962, https://image.tmdb.org/t/p/w500/gXUh1LQ8g2rOKNzmOCe3tjfnsZR.jpg","2017-05-15 11:10:06"
8078,21177,"Alien: Resurrection",1997,"Action, Horror, Sci-Fi",R,"Jean-Pierre Jeunet","Sigourney Weaver, Winona Ryder, Dominique Pinon, Ron Perlman",https://image.tmdb.org/t/p/w500/39WJ2YoLoWyDHxpTIwWT7AOKtZT.jpg,https://image.tmdb.org/t/p/original/AdkIZ7FtqD1bO8IKxSe6IYTK38c.jpg,https://www.youtube.com/embed/-qJjiq72WOo?rel=0&autoplay=1,"Two centuries after her death, Ellen Ripley is revived as a powerful human/alien hybrid clone who must continue her war against the aliens.","Alien³, 8077, https://image.tmdb.org/t/p/w500/p7mUd9GpmCYV5qhkKGmiEerFK3i.jpg","AVP: Alien vs. Predator, 395, https://image.tmdb.org/t/p/w500/9xzRKUBIqLwhhOYtcE7P1BbWXP9.jpg","Aliens, 679, https://image.tmdb.org/t/p/w500/nORMXEkYEbzkU5WkMWMgRDJwjSZ.jpg","2017-05-15 11:12:30"
8587,51100,"The Lion King",1994,"Animation, Adventure, Drama",G,"Roger Allers, Rob Minkoff","Rowan Atkinson, Matthew Broderick, Niketa Calame, Jim Cummings",https://image.tmdb.org/t/p/w500/bKPtXn9n4M4s8vvZrbw40mYsefB.jpg,https://image.tmdb.org/t/p/original/6lL49SOgBtqiXMs7Y5HWBYH3X9Z.jpg,https://www.youtube.com/embed/4sj1MT05lAA?rel=0&autoplay=1,"Lion cub and future king Simba searches for his identity. His eagerness to please others and penchant for testing his boundaries sometimes gets him into trouble.","Aladdin, 812, https://image.tmdb.org/t/p/w500/qsHpmqekgeQKMKL8PWnFsrXTXGs.jpg","Finding Nemo, 12, https://image.tmdb.org/t/p/w500/zjqInUwldOBa0q07fOyohYCWxWX.jpg","Toy Story, 862, https://image.tmdb.org/t/p/w500/rhIRbceoE9lR4veEXuwCC2wARtG.jpg","2017-05-15 11:10:06"
9080,50901,"Spies Like Us",1985,"Adventure, Comedy",PG,"John Landis","Chevy Chase, Dan Aykroyd, Steve Forrest, Donna Dixon",https://image.tmdb.org/t/p/w500/2SHiQBkqRdwt8CH1N24dpBD9RfX.jpg,https://image.tmdb.org/t/p/original/4yIBci2iAtyXgl9nwhbvRTB7Ofz.jpg,https://www.youtube.com/embed/OlfeVnKpmH4?rel=0&autoplay=1,"Two bumbling government employees think they are U.S. spies, only to discover that they are actually decoys for Nuclear War.","Fletch, 9749, https://image.tmdb.org/t/p/w500/t8VjThRC6uKvjR5jVlhj5bBBUUy.jpg","Stripes, 10890, https://image.tmdb.org/t/p/w500/3qYaYMHdzDfNN8nJ6SKnMbP5rDN.jpg","National Lampoon’s European Vacation, 11418, https://image.tmdb.org/t/p/w500/QbyzCI54hvCIwt1SQEsq7a6rp8.jpg","2017-05-15 11:13:38"
9323,78602,"Ghost in the Shell",1995,"Animation, Action, Crime","NOT RATED","Mamoru Oshii","Atsuko Tanaka, Akio Ôtsuka, Kôichi Yamadera, Yutaka Nakano",https://image.tmdb.org/t/p/w500/hnkvMdSlavMNGadokPD5tImTgrs.jpg,https://image.tmdb.org/t/p/original/jaiaRiiaunJ8faob9vZ8XBTx9ou.jpg,https://www.youtube.com/embed/wNtgA5Xfd2s?rel=0&autoplay=1,"A cyborg policewoman and her partner hunt a mysterious and powerful hacker called the Puppet Master.","Ghost in the Shell 2: Innocence, 12140, https://image.tmdb.org/t/p/w500/1KSMfpMWMzlvR2DN2fzv31vZ66B.jpg","Akira, 149, https://image.tmdb.org/t/p/w500/8Pt7hlu7fkc5IIR0VZ2kNGY8sT4.jpg","Paprika, 4977, https://image.tmdb.org/t/p/w500/y3ySbGb56lbNCnVtTWWsEdHyMNt.jpg","2017-05-15 11:10:06"
9749,31007,Fletch,1985,"Comedy, Crime, Mystery",PG,"Michael Ritchie","Chevy Chase, Joe Don Baker, Dana Wheeler-Nicholson, Richard Libertini",https://image.tmdb.org/t/p/w500/t8VjThRC6uKvjR5jVlhj5bBBUUy.jpg,https://image.tmdb.org/t/p/original/9XslOpki9QEFDfOHLzaQLJqx8Xl.jpg,https://www.youtube.com/embed/4sMMt2M3RiU?rel=0&autoplay=1,"Irwin M. "Fletch" Fletcher is a newspaper reporter being offered a large sum to off a cancerous millionaire, but is on the run, risking his job, and finding clues when it's clear the man is healthy.","Fletch Lives, 14628, https://image.tmdb.org/t/p/w500/7sufFmTJWokxhXYCaAs8SRxT6r0.jpg","Spies Like Us, 9080, https://image.tmdb.org/t/p/w500/2SHiQBkqRdwt8CH1N24dpBD9RfX.jpg","Stripes, 10890, https://image.tmdb.org/t/p/w500/3qYaYMHdzDfNN8nJ6SKnMbP5rDN.jpg","2017-05-15 11:13:35"
9873,25722,F/X,1986,"Action, Thriller",R,"Robert Mandel","Bryan Brown, Brian Dennehy, Diane Venora, Cliff De Young",https://image.tmdb.org/t/p/w500/6VAiIPBnIRPWXi70sxsHDn9rXA8.jpg,https://image.tmdb.org/t/p/original/t0u76RL3YlcfnWdRWgRudROqEkg.jpg,https://www.youtube.com/embed/rDQ1hzfb_B4?rel=0&autoplay=1,"A movie special effects man is hired to fake a real-life mob killing for a witness protection plan, but finds his own life in danger.","F/X2, 16820, https://image.tmdb.org/t/p/w500/v44Ozx00NDrYYvvqI9fMVPHU0Gz.jpg","Funny Farm, 14170, https://image.tmdb.org/t/p/w500/kJOjClh5uMifkeY5jz2wR885VVF.jpg","Silverado, 11509, https://image.tmdb.org/t/p/w500/7N0rhBuMd3MJwRWtyYWCswbe8ED.jpg","2017-05-15 11:13:29"
10020,42116,"Beauty and the Beast",1991,"Animation, Family, Fantasy",G,"Gary Trousdale, Kirk Wise","Robby Benson, Jesse Corti, Rex Everhart, Angela Lansbury",https://image.tmdb.org/t/p/w500/b9QJr2oblOu1grgOMUZF1xkUJdh.jpg,https://image.tmdb.org/t/p/original/r1xLXJ05bG8hV02No3xNhi8ZcK5.jpg,https://www.youtube.com/embed/tRlzmyveDHE?rel=0&autoplay=1,"A young woman whose father has been imprisoned by a terrifying beast offers herself in his place, unaware that her captor is actually a prince, physically altered by a magic spell.","Aladdin, 812, https://image.tmdb.org/t/p/w500/qsHpmqekgeQKMKL8PWnFsrXTXGs.jpg","The Little Mermaid, 10144, https://image.tmdb.org/t/p/w500/ujlSe3lhp1OKmF2LNu6wRpWbdiU.jpg","Snow White and the Seven Dwarfs, 408, https://image.tmdb.org/t/p/w500/wbVGRBYPRRahIZNGXY9TfHDUSc2.jpg","2017-05-15 11:10:06"
10195,5581,Thor,2011,"Action, Adventure, Fantasy",PG-13,"Kenneth Branagh","Chris Hemsworth, Natalie Portman, Tom Hiddleston, Anthony Hopkins",https://image.tmdb.org/t/p/w500/bIuOWTtyFPjsFDevqvF3QrD1aun.jpg,https://image.tmdb.org/t/p/original/6UxFfo8K3vcihtUpX1ek2ucGeEZ.jpg,https://www.youtube.com/embed/uHBnrJowBZE?rel=0&autoplay=1,"The powerful but arrogant god Thor is cast out of Asgard to live amongst humans in Midgard (Earth), where he soon becomes one of their finest defenders.","Captain America: The First Avenger, 1771, https://image.tmdb.org/t/p/w500/vSNxAJTlD0r02V9sPYpOjqDZXUK.jpg","Iron Man 2, 10138, https://image.tmdb.org/t/p/w500/ArqpkNYGfcTIA6umWt6xihfIZZv.jpg","X-Men: First Class, 49538, https://image.tmdb.org/t/p/w500/7SSm7BfzFoVzmd6fCDccj7qRxc8.jpg","2017-05-15 11:13:16"
10674,20474,Mulan,1998,"Animation, Adventure, Family",G,"Tony Bancroft, Barry Cook","Miguel Ferrer, Harvey Fierstein, Freda Foh Shen, June Foray",https://image.tmdb.org/t/p/w500/vXjfMyXHixdEEkqcuWS6hy3EZAG.jpg,https://image.tmdb.org/t/p/original/lfwwqgMWZn6Th56hHOue9syKO3l.jpg,https://www.youtube.com/embed/wAbGAkkOgcM?rel=0&autoplay=1,"To save her father from death in the army, a young maiden secretly goes in his place and becomes one of China's greatest heroines in the process.","Pocahontas, 10530, https://image.tmdb.org/t/p/w500/qk95miOV8wDABbO5gyCpCrvbVFu.jpg","Tarzan, 37135, https://image.tmdb.org/t/p/w500/tWFubl9q3quYuYXBGypXXCNLE00.jpg","Hercules, 11970, https://image.tmdb.org/t/p/w500/yds93kIrmH1aNN0YKAcHLyOkNEV.jpg","2017-05-15 11:10:06"
10910,41439,"Moulin Rouge",1952,"Biography, Drama, Music","NOT RATED","John Huston","José Ferrer, Colette Marchand, Zsa Zsa Gabor, Suzanne Flon",https://image.tmdb.org/t/p/w500/mdXL304JJhIioZiWp3KBng0te6l.jpg,https://image.tmdb.org/t/p/original/jekwQ138h0KtOaRZ4bv2PvyDesO.jpg,https://www.youtube.com/embed/CKyh4zKkths?rel=0&autoplay=1,"Fictional account of French artist Henri de Toulouse-Lautrec.","Moolaadé, 39504, https://image.tmdb.org/t/p/w500/hGuYfddI8R3VsD8R0FGjGNFmrys.jpg","Young at Heart, 43340, https://image.tmdb.org/t/p/w500/dVz87Oy2FmtRocfWeGMWzPFIVqu.jpg","Jeremy, 61574, https://image.tmdb.org/t/p/w500/wPAJh06nbHhyrViLnOyWHf8ER33.jpg","2017-05-15 11:10:06"
11072,30577,"Blazing Saddles",1974,"Comedy, Western",R,"Mel Brooks","Cleavon Little, Gene Wilder, Slim Pickens, Harvey Korman",https://image.tmdb.org/t/p/w500/yccgwPNVaqtgS1d0U5jjM6Mnza8.jpg,https://image.tmdb.org/t/p/original/tzJmubvEPw2etDhzqpA6Wb3K2EZ.jpg,https://www.youtube.com/embed/VKayG1TrfuE?rel=0&autoplay=1,"In order to ruin a western town, a corrupt politician appoints a black sheriff, who promptly becomes his most formidable adversary.","The Jerk, 6471, https://image.tmdb.org/t/p/w500/wb6mB6R9vscPhyAegbbNDFZUAIs.jpg","History of the World: Part I, 10156, https://image.tmdb.org/t/p/w500/6jOfKftlw1M5cT2oijL3U1Lt6Up.jpg","Young Frankenstein, 3034, https://image.tmdb.org/t/p/w500/a3Bj2ht6liBFafNM46hqk9WEhcY.jpg","2017-05-15 11:10:06"
11969,72008,Tombstone,1993,"Action, Biography, Drama",R,"George P. Cosmatos, Kevin Jarre","Kurt Russell, Val Kilmer, Sam Elliott, Bill Paxton",https://image.tmdb.org/t/p/w500/xYVtxxQjY0ZT80mMu9kyz4A9QR6.jpg,https://image.tmdb.org/t/p/original/mMcHuNXGZON6G9VTBsBIfAbfKBh.jpg,https://www.youtube.com/embed/XTWYKf5hXIg?rel=0&autoplay=1,"A successful lawman's plans to retire anonymously in Tombstone, Arizona, are disrupted by the kind of outlaws he was famous for eliminating.","Young Guns, 11967, https://image.tmdb.org/t/p/w500/wkGbwWHIM23BkmMBm7GQHaCZan8.jpg","Maverick, 9359, https://image.tmdb.org/t/p/w500/vBQjwzheZGwNpLQSdp671X0Nu6O.jpg","Wyatt Earp, 12160, https://image.tmdb.org/t/p/w500/zSGDgcWHqmQxmX4mLJZgT5UgLjj.jpg","2017-05-15 11:10:06"
13898,13862,"The Circle",2000,Drama,"NOT RATED","Jafar Panahi","Nargess Mamizadeh, Maryiam Palvin Almani, Mojgan Faramarzi, Elham Saboktakin",https://image.tmdb.org/t/p/w500/pAwGZCaNWNHx8SKuEHt3ANZwkwt.jpg,https://image.tmdb.org/t/p/original/gTNZBxwv4eOf9m96EP7mtUMJKsY.jpg,"Sorry, No trailer is currently available","Various women struggle to function in the oppressively sexist society of contemporary Iran.","Platform, 80427, https://image.tmdb.org/t/p/w500/vrRfyybUOEIao2AePd6Mr7rOMYv.jpg","La Région Centrale, 90041, https://image.tmdb.org/t/p/w500/n2rdXFqobclt1EKekKwLO65IuTo.jpg","The Intruder, 47143, https://image.tmdb.org/t/p/w500/m2ALncziYzzNjxFXEnNnQLyOUQW.jpg","2017-05-15 11:10:06"
13995,87457,"Captain America",1990,"Action, Adventure, Sci-Fi",PG-13,"Albert Pyun","Matt Salinger, Ronny Cox, Ned Beatty, Darren McGavin",https://image.tmdb.org/t/p/w500/umO9ZJ63dNtT6Z5ZehNunGn884I.jpg,https://image.tmdb.org/t/p/original/a1tNE5nsAMIMpBs0yrweIdzXymO.jpg,https://www.youtube.com/embed/cs8rFsmhNTc?rel=0&autoplay=1,"Frozen in the ice for decades, Captain America is freed to battle against arch-criminal, The Red Skull.","Cyborg 3: The Recycler, 25391, https://image.tmdb.org/t/p/w500/4SZwIKhJXL7v1owrJHRwWV7IOso.jpg","Forest Warrior, 63988, https://image.tmdb.org/t/p/w500/26GyJZxvZwz10leu5LZfl4AnMGP.jpg","Man's Best Friend, 41759, https://image.tmdb.org/t/p/w500/lmIEYfJdfB1pHroGkxc8m4CrIj6.jpg","2017-05-15 11:10:06"
14170,26144,"Funny Farm",1988,"Comedy, Drama",PG,"George Roy Hill","Chevy Chase, Madolyn Smith Osborne, Kevin O'Morrison, Joseph Maher",https://image.tmdb.org/t/p/w500/kJOjClh5uMifkeY5jz2wR885VVF.jpg,https://image.tmdb.org/t/p/original/9JsFPfZjpJaZSwAUlOvArjNiWZD.jpg,https://www.youtube.com/embed/l4iw_hfBQqM?rel=0&autoplay=1,"A couple swap city life for the country, but their picturesque new hometown turns out to be overrun with a gauntlet of crazy inhabitants.","Fletch Lives, 14628, https://image.tmdb.org/t/p/w500/7sufFmTJWokxhXYCaAs8SRxT6r0.jpg","Nothing but Trouble, 11933, https://image.tmdb.org/t/p/w500/6gWVNDugHkBlSQSsoe6OmbaFasE.jpg","Fletch, 9749, https://image.tmdb.org/t/p/w500/t8VjThRC6uKvjR5jVlhj5bBBUUy.jpg","2017-05-15 11:13:33"
16820,745,F/X2,1991,"Action, Thriller",PG-13,"Richard Franklin","Bryan Brown, Brian Dennehy, Rachel Ticotin, Joanna Gleason",https://image.tmdb.org/t/p/w500/v44Ozx00NDrYYvvqI9fMVPHU0Gz.jpg,https://image.tmdb.org/t/p/original/9v2a9G98m8RJxr4EekFmnh9YYfJ.jpg,https://www.youtube.com/embed/nKBtCrHuvks?rel=0&autoplay=1,"F/X man Rollie Tyler (Bryan Brown) is now a toy maker. Mike Brandon (Tom Mason), the ex-husband of Rolly's girlfriend Kim(Rachel Ticotin), is a cop. He asks Rollie to help catch a killer. ...","F/X, 9873, https://image.tmdb.org/t/p/w500/6VAiIPBnIRPWXi70sxsHDn9rXA8.jpg","Strange Invaders, 47892, https://image.tmdb.org/t/p/w500/dI0pClEaebAD1AIARdiztsx1N7m.jpg","Twilight, 26269, https://image.tmdb.org/t/p/w500/1G9PZLULbbIrb74H6BdhQGplCxf.jpg","2017-05-15 11:13:25"
28297,27698,"Brute Force",1947,"Crime, Drama, Film-Noir","NOT RATED","Jules Dassin","Burt Lancaster, Hume Cronyn, Charles Bickford, Yvonne De Carlo",https://image.tmdb.org/t/p/w500/84GJMnVF6bd0bRi1BhfQxfKa3G4.jpg,https://image.tmdb.org/t/p/original/tixfWJnPERevxojoLRDujDsPVOs.jpg,https://www.youtube.com/embed/uTn6pHKVpNc?rel=0&autoplay=1,"At a tough penitentiary, prisoner Joe Collins plans to rebel against Captain Munsey, the power-mad chief guard.","Thieves' Highway, 20025, https://image.tmdb.org/t/p/w500/7Uuo6XYndgG8BHOdhB64GPsVP6W.jpg","Night and the City, 19119, https://image.tmdb.org/t/p/w500/2NBmzm8z5fd283eWeECkPrkwta8.jpg","The Naked City, 20482, https://image.tmdb.org/t/p/w500/39RjTKSU9z7HDD5qKujZ6YgMlLJ.jpg","2017-05-15 11:10:06"
36647,76160,Blade,1998,"Action, Horror",R,"Stephen Norrington","Wesley Snipes, Stephen Dorff, Kris Kristofferson, N'Bushe Wright",https://image.tmdb.org/t/p/w500/r0RQ9ZOEZglLOeYDNJTehVTRoR6.jpg,https://image.tmdb.org/t/p/original/kTvGzXv4lIoQAOU8hAvdZtnEqy0.jpg,https://www.youtube.com/embed/kaU2A7KyOu4?rel=0&autoplay=1,"A half-vampire, half-mortal man becomes a protector of the mortal race, while slaying evil vampires.","Blade II, 36586, https://image.tmdb.org/t/p/w500/jlURNpXCMK830CsGRd939PJLh8c.jpg","Blade: Trinity, 36648, https://image.tmdb.org/t/p/w500/4WinsdHQBdh5aTt7Bd7T7dbUXbb.jpg","Demolition Man, 9739, https://image.tmdb.org/t/p/w500/k0PN3Ho12cGGIVJW7SCS7apLYaP.jpg","2017-05-15 11:12:23"
36648,15556,"Blade: Trinity",2004,"Action, Adventure, Horror",R,"David S. Goyer","Wesley Snipes, Kris Kristofferson, Dominic Purcell, Jessica Biel",https://image.tmdb.org/t/p/w500/4WinsdHQBdh5aTt7Bd7T7dbUXbb.jpg,https://image.tmdb.org/t/p/original/hBOsH6oyiTXqYO4avJmyZiIRQgo.jpg,https://www.youtube.com/embed/qcHEDGs7eAY?rel=0&autoplay=1,"Blade, now a wanted man by the FBI, must join forces with the Nightstalkers to face his most challenging enemy yet: Dracula.","Blade II, 36586, https://image.tmdb.org/t/p/w500/jlURNpXCMK830CsGRd939PJLh8c.jpg","Blade, 36647, https://image.tmdb.org/t/p/w500/r0RQ9ZOEZglLOeYDNJTehVTRoR6.jpg","AVP: Alien vs. Predator, 395, https://image.tmdb.org/t/p/w500/9xzRKUBIqLwhhOYtcE7P1BbWXP9.jpg","2017-05-15 11:12:26"
41513,72492,"The Smurfs",2011,"Animation, Adventure, Comedy",PG,"Raja Gosnell","Hank Azaria, Neil Patrick Harris, Jayma Mays, Sofía Vergara",https://image.tmdb.org/t/p/w500/8W9L7ByduypXKD7AticK7GvGqTE.jpg,https://image.tmdb.org/t/p/original/83lCHxDeIrovVxPw2ztvwcoH6rA.jpg,https://www.youtube.com/embed/yhBpgqXwrt8?rel=0&autoplay=1,"When the evil wizard Gargamel chases the tiny blue Smurfs out of their village, they tumble from their magical world into New York City.","The Smurfs 2, 77931, https://image.tmdb.org/t/p/w500/mF2FXzZ3EktWoagU4fzoabNsK6J.jpg","Alvin and the Chipmunks, 6477, https://image.tmdb.org/t/p/w500/sAt2yb4dgrpkHjbB9dQaKD9Caor.jpg","Madagascar: Escape 2 Africa, 10527, https://image.tmdb.org/t/p/w500/9mohxwknsHcwFBSAAhoQXwFV5zn.jpg","2017-05-15 11:10:06"
49013,49419,"Cars 2",2011,"Animation, Adventure, Comedy",G,"John Lasseter, Brad Lewis","Larry the Cable Guy, Owen Wilson, Michael Caine, Emily Mortimer",https://image.tmdb.org/t/p/w500/AblhtULOVtrkSnFxRPQ8gBemxw9.jpg,https://image.tmdb.org/t/p/original/jEcmZhtJkZQc6ta2vzBd9CU7GIx.jpg,https://www.youtube.com/embed/oFTfAdauCOo?rel=0&autoplay=1,"Star race car Lightning McQueen and his pal Mater head overseas to compete in the World Grand Prix race. But the road to the championship becomes rocky as Mater gets caught up in an intriguing adventure of his own: international espionage.","Cars, 920, https://image.tmdb.org/t/p/w500/5damnMcRFKSjhCirgX3CMa88MBj.jpg","Madagascar: Escape 2 Africa, 10527, https://image.tmdb.org/t/p/w500/9mohxwknsHcwFBSAAhoQXwFV5zn.jpg","Madagascar 3: Europe's Most Wanted, 80321, https://image.tmdb.org/t/p/w500/wd7NcMifnuf66gD2Fm7Tzz3yJ54.jpg","2017-05-15 11:10:06"
49538,31444,"X-Men: First Class",2011,"Action, Adventure, Sci-Fi",PG-13,"Matthew Vaughn","James McAvoy, Laurence Belcher, Michael Fassbender, Bill Milner",https://image.tmdb.org/t/p/w500/7SSm7BfzFoVzmd6fCDccj7qRxc8.jpg,https://image.tmdb.org/t/p/original/39nstYsfjR6ggyKTtB4Joga2fs8.jpg,https://www.youtube.com/embed/o8ccSiH4olo?rel=0&autoplay=1,"In 1962, the United States government enlists the help of Mutants with superhuman abilities to stop a malicious dictator who is determined to start World War III.","X-Men, 36657, https://image.tmdb.org/t/p/w500/k01Q6ATbfzNJgw4Zuoj0LTY3T9x.jpg","X-Men: The Last Stand, 36668, https://image.tmdb.org/t/p/w500/oEtjB6MjCW76eBzPnh5DDg6bVQz.jpg","X-Men Origins: Wolverine, 2080, https://image.tmdb.org/t/p/w500/kqO36IYvWbRKMPiUeiVZUFH06Rc.jpg","2017-05-15 11:13:17"
76338,89674,"Thor: The Dark World",2013,"Action, Adventure, Fantasy",PG-13,"Alan Taylor","Chris Hemsworth, Natalie Portman, Tom Hiddleston, Anthony Hopkins",https://image.tmdb.org/t/p/w500/bnX5PqAdQZRXSw3aX3DutDcdso5.jpg,https://image.tmdb.org/t/p/original/3FweBee0xZoY77uO1bhUOlQorNH.jpg,https://www.youtube.com/embed/I_tOrWWRivM?rel=0&autoplay=1,"When Dr. Jane Foster gets cursed with a powerful entity known as the Aether, Thor is heralded of the cosmic event known as the Convergence and the genocidal Dark Elves.","Captain America: The Winter Soldier, 100402, https://image.tmdb.org/t/p/w500/5TQ6YDmymBpnF005OyoB7ohZps9.jpg","Thor, 10195, https://image.tmdb.org/t/p/w500/bIuOWTtyFPjsFDevqvF3QrD1aun.jpg","The Amazing Spider-Man 2, 102382, https://image.tmdb.org/t/p/w500/mUjWof8LHDgCZC9mFp0UYKBf1Dm.jpg","2017-05-15 11:13:05"
100402,90448,"Captain America: The Winter Soldier",2014,"Action, Adventure, Sci-Fi",PG-13,"Anthony Russo, Joe Russo","Chris Evans, Samuel L. Jackson, Scarlett Johansson, Robert Redford",https://image.tmdb.org/t/p/w500/5TQ6YDmymBpnF005OyoB7ohZps9.jpg,https://image.tmdb.org/t/p/original/4qfXT9BtxeFuamR4F49m2mpKQI1.jpg,https://www.youtube.com/embed/tbayiPxkUMM?rel=0&autoplay=1,"As Steve Rogers struggles to embrace his role in the modern world, he teams up with a fellow Avenger and S.H.I.E.L.D agent, Black Widow, to battle a new threat from history: an assassin known as the Winter Soldier.","Thor: The Dark World, 76338, https://image.tmdb.org/t/p/w500/bnX5PqAdQZRXSw3aX3DutDcdso5.jpg","X-Men: Days of Future Past, 127585, https://image.tmdb.org/t/p/w500/qKkFk9HELmABpcPoc1HHZGIxQ5a.jpg","The Amazing Spider-Man 2, 102382, https://image.tmdb.org/t/p/w500/mUjWof8LHDgCZC9mFp0UYKBf1Dm.jpg","2017-05-15 11:13:08"
102382,90449,"The Amazing Spider-Man 2",2014,"Action, Adventure, Sci-Fi",PG-13,"Marc Webb","Andrew Garfield, Emma Stone, Jamie Foxx, Dane DeHaan",https://image.tmdb.org/t/p/w500/mUjWof8LHDgCZC9mFp0UYKBf1Dm.jpg,https://image.tmdb.org/t/p/original/tmFDgDmrdp5DYezwpL0ymQKIbnV.jpg,https://www.youtube.com/embed/DlM2CWNTQ84?rel=0&autoplay=1,"When New York is put under siege by Oscorp, it is up to Spider-Man to save the city he swore to protect as well as his loved ones.","Captain America: The Winter Soldier, 100402, https://image.tmdb.org/t/p/w500/5TQ6YDmymBpnF005OyoB7ohZps9.jpg","X-Men: Days of Future Past, 127585, https://image.tmdb.org/t/p/w500/qKkFk9HELmABpcPoc1HHZGIxQ5a.jpg","Thor: The Dark World, 76338, https://image.tmdb.org/t/p/w500/bnX5PqAdQZRXSw3aX3DutDcdso5.jpg","2017-05-15 11:13:02"
102651,91193,Maleficent,2014,"Action, Adventure, Family",PG,"Robert Stromberg","Angelina Jolie, Elle Fanning, Sharlto Copley, Lesley Manville",https://image.tmdb.org/t/p/w500/4FYu1AAu14tuBU0lns0hbKiHUcH.jpg,https://image.tmdb.org/t/p/original/o9KEAy25RS6gXxlQU5yJnLOQ2d.jpg,https://www.youtube.com/embed/w-XO4XiRop0?rel=0&autoplay=1,"A vengeful fairy is driven to curse an infant princess, only to discover that the child may be the one person who can restore peace to their troubled land.","Frozen, 109445, https://image.tmdb.org/t/p/w500/jIjdFXKUNtdf1bwqMrhearpyjMj.jpg","Divergent, 157350, https://image.tmdb.org/t/p/w500/yTtx2ciqk4XdN1oKhMMDy3f5ue3.jpg","The Amazing Spider-Man 2, 102382, https://image.tmdb.org/t/p/w500/mUjWof8LHDgCZC9mFp0UYKBf1Dm.jpg","2017-05-15 11:12:58"
109445,90293,Frozen,2013,"Animation, Adventure, Comedy",PG,"Chris Buck, Jennifer Lee","Kristen Bell, Idina Menzel, Jonathan Groff, Josh Gad",https://image.tmdb.org/t/p/w500/jIjdFXKUNtdf1bwqMrhearpyjMj.jpg,https://image.tmdb.org/t/p/original/cAhCDpAq80QCeQvHytY9JkBalpH.jpg,https://www.youtube.com/embed/TbQm5doF_Uc?rel=0&autoplay=1,"When the newly crowned Queen Elsa accidentally uses her power to turn things into ice to curse her home in infinite winter, her sister, Anna, teams up with a mountain man, his playful reindeer, and a snowman to change the weather condition.","Tangled, 38757, https://image.tmdb.org/t/p/w500/re6AOJbhBk9FIK3knwU6rYlbPDx.jpg","Maleficent, 102651, https://image.tmdb.org/t/p/w500/4FYu1AAu14tuBU0lns0hbKiHUcH.jpg","How to Train Your Dragon 2, 82702, https://image.tmdb.org/t/p/w500/lRjOR4uclMQijUav4OjeZprlehu.jpg","2017-05-15 11:10:06"
127585,90450,"X-Men: Days of Future Past",2014,"Action, Adventure, Sci-Fi",PG-13,"Bryan Singer","Hugh Jackman, James McAvoy, Michael Fassbender, Jennifer Lawrence",https://image.tmdb.org/t/p/w500/qKkFk9HELmABpcPoc1HHZGIxQ5a.jpg,https://image.tmdb.org/t/p/original/5LBcSLHAtEIIgvNkA2dPmYH5wR7.jpg,https://www.youtube.com/embed/gsjtg7m1MMM?rel=0&autoplay=1,"The X-Men send Wolverine to the past in a desperate effort to change history and prevent an event that results in doom for both humans and mutants.","Captain America: The Winter Soldier, 100402, https://image.tmdb.org/t/p/w500/5TQ6YDmymBpnF005OyoB7ohZps9.jpg","The Amazing Spider-Man 2, 102382, https://image.tmdb.org/t/p/w500/mUjWof8LHDgCZC9mFp0UYKBf1Dm.jpg","Thor: The Dark World, 76338, https://image.tmdb.org/t/p/w500/bnX5PqAdQZRXSw3aX3DutDcdso5.jpg","2017-05-15 11:13:04"
136799,139664,Trolls,2016,"Animation, Adventure, Comedy",PG,"Walt Dohrn, Mike Mitchell","Anna Kendrick, Justin Timberlake, Zooey Deschanel, Christopher Mintz-Plasse",https://image.tmdb.org/t/p/w500/zKu5MNy9QW1a5ZHgv7iAp3kRZpE.jpg,https://image.tmdb.org/t/p/original/wc1JxADaBLuWhySkaawCBTpixCo.jpg,https://www.youtube.com/embed/tDnRVKPjj8k?rel=0&autoplay=1,"After the Bergens invade Troll Village, Poppy, the happiest Troll ever born, and the curmudgeonly Branch set off on a journey to rescue her friends.","Storks, 332210, https://image.tmdb.org/t/p/w500/5qVD5TD1CiALR5vUsMzh2BschVU.jpg","Sing, 335797, https://image.tmdb.org/t/p/w500/eSVtBB2PVFbQiFWC7CQi3EjIZnn.jpg","Moana, 277834, https://image.tmdb.org/t/p/w500/z4x0Bp48ar3Mda8KiPD1vwSY3D8.jpg","2017-05-15 11:10:06"
150689,121371,Cinderella,2015,"Drama, Family, Fantasy",PG,"Kenneth Branagh","Cate Blanchett, Lily James, Richard Madden, Helena Bonham Carter",https://image.tmdb.org/t/p/w500/o1F2aloaOUufHHOsV0laA9aw9N0.jpg,https://image.tmdb.org/t/p/original/aUYcExsGuRaw7PLGmAmXubt1dfG.jpg,https://www.youtube.com/embed/n44EWI92Tc8?rel=0&autoplay=1,"When her father unexpectedly passes away, young Ella finds herself at the mercy of her cruel stepmother and her scheming step-sisters. Never one to give up hope, Ella's fortunes begin to change after meeting a dashing stranger.","Into the Woods, 224141, https://image.tmdb.org/t/p/w500/5h91odPFNlBuJbRBj5N4MEBfXDE.jpg","Maleficent, 102651, https://image.tmdb.org/t/p/w500/4FYu1AAu14tuBU0lns0hbKiHUcH.jpg","The Age of Adaline, 293863, https://image.tmdb.org/t/p/w500/gEDGROZ4NQDlRjUPPSSyIf0hKvD.jpg","2017-05-15 11:10:06"
224141,97246,"Into the Woods",2014,"Adventure, Comedy, Drama",PG,"Rob Marshall","Anna Kendrick, Daniel Huttlestone, James Corden, Emily Blunt",https://image.tmdb.org/t/p/w500/5h91odPFNlBuJbRBj5N4MEBfXDE.jpg,https://image.tmdb.org/t/p/original/lzJzB0QfkjpGCm9qUC4XpEIB6pm.jpg,https://www.youtube.com/embed/2Byk9Is3TjY?rel=0&autoplay=1,"A witch tasks a childless baker and his wife with procuring magical items from classic fairy tales to reverse the curse put on their family tree.","Cinderella, 150689, https://image.tmdb.org/t/p/w500/o1F2aloaOUufHHOsV0laA9aw9N0.jpg","Pitch Perfect 2, 254470, https://image.tmdb.org/t/p/w500/eqMkpgTFGSDySzPs5VlvVwhhjfL.jpg","Maleficent, 102651, https://image.tmdb.org/t/p/w500/4FYu1AAu14tuBU0lns0hbKiHUcH.jpg","2017-05-15 11:10:06"
245891,107956,"John Wick",2014,"Action, Crime, Thriller",R,"Chad Stahelski, David Leitch","Keanu Reeves, Michael Nyqvist, Alfie Allen, Willem Dafoe",https://image.tmdb.org/t/p/w500/5vHssUeVe25bMrof1HyaPyWgaP.jpg,https://image.tmdb.org/t/p/original/mFb0ygcue4ITixDkdr7wm1Tdarx.jpg,https://www.youtube.com/embed/RllJtOw0USI?rel=0&autoplay=1,"An ex-hitman comes out of retirement to track down the gangsters that took everything from him.","The Equalizer, 156022, https://image.tmdb.org/t/p/w500/2eQfjqlvPAxd9aLDs8DvsKLnfed.jpg","Edge of Tomorrow, 137113, https://image.tmdb.org/t/p/w500/tpoVEYvm6qcXueZrQYJNRLXL88s.jpg","Taken 3, 260346, https://image.tmdb.org/t/p/w500/ikDwR3i2bczqnRf1urJTy77YTFf.jpg","2017-05-15 11:10:06"
263115,147509,Logan,2017,"Action, Drama, Sci-Fi",R,"James Mangold","Hugh Jackman, Patrick Stewart, Dafne Keen, Boyd Holbrook",https://image.tmdb.org/t/p/w500/45Y1G5FEgttPAwjTYic6czC9xCn.jpg,https://image.tmdb.org/t/p/original/5pAGnkFYSsFJ99ZxDIYnhQbQFXs.jpg,https://www.youtube.com/embed/XaE_9pfybL4?rel=0&autoplay=1,"In the near future, a weary Logan cares for an ailing Professor X somewhere on the Mexican border. However, Logan's attempts to hide from the world and his legacy are upended when a young mutant arrives, pursued by dark forces.","Guardians of the Galaxy Vol. 2, 283995, https://image.tmdb.org/t/p/w500/y4MBh0EjBlMuOzv9axM4qJlmhzz.jpg","Kong: Skull Island, 293167, https://image.tmdb.org/t/p/w500/r2517Vz9EhDhj88qwbDVj8DCRZN.jpg","Doctor Strange, 284052, https://image.tmdb.org/t/p/w500/4PiiNGXj1KENTmCBHeN6Mskj2Fq.jpg","2017-05-15 11:10:06"
269149,134704,Zootopia,2016,"Animation, Adventure, Comedy",PG,"Byron Howard, Rich Moore, Jared Bush","Ginnifer Goodwin, Jason Bateman, Idris Elba, Jenny Slate",https://image.tmdb.org/t/p/w500/sM33SANp9z6rXW8Itn7NnG1GOEs.jpg,https://image.tmdb.org/t/p/original/mhdeE1yShHTaDbJVdWyTlzFvNkr.jpg,https://www.youtube.com/embed/jWM0ct-OLsM?rel=0&autoplay=1,"In a city of anthropomorphic animals, a rookie bunny cop and a cynical con artist fox must work together to uncover a conspiracy.","Inside Out, 150540, https://image.tmdb.org/t/p/w500/aAmfIX3TT40zUHGcCKrlOZRKC7u.jpg","The Jungle Book, 278927, https://image.tmdb.org/t/p/w500/vOipe2myi26UDwP978hsYOrnUWC.jpg","The Good Dinosaur, 105864, https://image.tmdb.org/t/p/w500/2ZckiMTfSkCep2JTtZbr73tnQbN.jpg","2017-05-15 11:10:06"
273248,133768,"The Hateful Eight",2015,"Crime, Drama, Mystery",R,"Quentin Tarantino","Samuel L. Jackson, Kurt Russell, Jennifer Jason Leigh, Walton Goggins",https://image.tmdb.org/t/p/w500/fqe8JxDNO8B8QfOGTdjh6sPCdSC.jpg,https://image.tmdb.org/t/p/original/sSvgNBeBNzAuKl8U8sP50ETJPgx.jpg,https://www.youtube.com/embed/6_UI1GzaWv0?rel=0&autoplay=1,"In the dead of a Wyoming winter, a bounty hunter and his prisoner find shelter in a cabin currently inhabited by a collection of nefarious characters.","Sicario, 273481, https://image.tmdb.org/t/p/w500/p2SdfGmQRaw8xhFbexlHL7srMM8.jpg","The Revenant, 281957, https://image.tmdb.org/t/p/w500/oXUWEc5i3wYyFnL1Ycu8ppxxPvs.jpg","The Big Short, 318846, https://image.tmdb.org/t/p/w500/p11Ftd4VposrAzthkhF53ifYZRl.jpg","2017-05-15 11:10:06"
277834,138745,Moana,2016,"Animation, Adventure, Comedy",PG,"Ron Clements, Don Hall, John Musker, Chris Williams","Auli'i Cravalho, Dwayne Johnson, Rachel House, Temuera Morrison",https://image.tmdb.org/t/p/w500/z4x0Bp48ar3Mda8KiPD1vwSY3D8.jpg,https://image.tmdb.org/t/p/original/1qGzqGUd1pa05aqYXGSbLkiBlLB.jpg,https://www.youtube.com/embed/LKFuXETZUsI?rel=0&autoplay=1,"In Ancient Polynesia, when a terrible curse incurred by the Demigod Maui reaches an impetuous Chieftain's daughter's island, she answers the Ocean's call to seek out the Demigod to set things right.","Sing, 335797, https://image.tmdb.org/t/p/w500/eSVtBB2PVFbQiFWC7CQi3EjIZnn.jpg","Kubo and the Two Strings, 313297, https://image.tmdb.org/t/p/w500/3Kr9CIIMcXTPlm6cdZ9y3QTe4Y7.jpg","Zootopia, 269149, https://image.tmdb.org/t/p/w500/sM33SANp9z6rXW8Itn7NnG1GOEs.jpg","2017-05-15 11:10:06"
281957,134046,"The Revenant",2015,"Adventure, Drama, Thriller",R,"Alejandro González Iñárritu","Leonardo DiCaprio, Tom Hardy, Domhnall Gleeson, Will Poulter",https://image.tmdb.org/t/p/w500/oXUWEc5i3wYyFnL1Ycu8ppxxPvs.jpg,https://image.tmdb.org/t/p/original/8jNiQwGgAL5R2xwAcJTGWOZn3Mm.jpg,https://www.youtube.com/embed/QRfj1VCg16Y?rel=0&autoplay=1,"A frontiersman on a fur trading expedition in the 1820s fights for survival after being mauled by a bear and left for dead by members of his own hunting team.","The Hateful Eight, 273248, https://image.tmdb.org/t/p/w500/fqe8JxDNO8B8QfOGTdjh6sPCdSC.jpg","Spotlight, 314365, https://image.tmdb.org/t/p/w500/ngKxbvsn9Si5TYVJfi1EGAGwThU.jpg","The Big Short, 318846, https://image.tmdb.org/t/p/w500/p11Ftd4VposrAzthkhF53ifYZRl.jpg","2017-05-15 11:10:06"
295693,150965,"The Boss Baby",2017,"Animation, Comedy, Family",PG,"Hendel Butoy, Tom McGrath","Alec Baldwin, Steve Buscemi, Jimmy Kimmel, Lisa Kudrow",https://image.tmdb.org/t/p/w500/unPB1iyEeTBcKiLg8W083rlViFH.jpg,https://image.tmdb.org/t/p/original/bTFeSwh07oX99ofpDI4O2WkiFJ.jpg,https://www.youtube.com/embed/Ud8j5GaqH3c?rel=0&autoplay=1,"A suit-wearing briefcase-carrying baby pairs up with his seven-year old brother to stop the dastardly plot of the CEO of Puppy Co.","Sing, 335797, https://image.tmdb.org/t/p/w500/eSVtBB2PVFbQiFWC7CQi3EjIZnn.jpg","Smurfs: The Lost Village, 137116, https://image.tmdb.org/t/p/w500/swt9crREg1UcKgg3wGWfoFNlXOz.jpg","Beauty and the Beast, 321612, https://image.tmdb.org/t/p/w500/tnmL0g604PDRJwGJ5fsUSYKFo9.jpg","2017-05-15 11:10:06"
297761,137176,"Suicide Squad",2016,"Action, Adventure, Fantasy",PG-13,"David Ayer","Will Smith, Jaime FitzSimons, Ike Barinholtz, Margot Robbie",https://image.tmdb.org/t/p/w500/e1mjopzAS2KNsvpbpahQ1a6SkSn.jpg,https://image.tmdb.org/t/p/original/34dxtTxMHGKw1njHpTjDqR8UBHd.jpg,https://www.youtube.com/embed/PLLQK9la6Go?rel=0&autoplay=1,"A secret government agency recruits some of the most dangerous incarcerated super-villains to form a defensive task force. Their first mission: save the world from the apocalypse.","X-Men: Apocalypse, 246655, https://image.tmdb.org/t/p/w500/zSouWWrySXshPCT4t3UKCQGayyo.jpg","Doctor Strange, 284052, https://image.tmdb.org/t/p/w500/4PiiNGXj1KENTmCBHeN6Mskj2Fq.jpg","Captain America: Civil War, 271110, https://image.tmdb.org/t/p/w500/kSBXou5Ac7vEqKd97wotJumyJvU.jpg","2017-05-15 11:10:06"
313297,139471,"Kubo and the Two Strings",2016,"Animation, Adventure, Family",PG,"Travis Knight","Art Parkinson, Charlize Theron, Ralph Fiennes, Brenda Vaccaro",https://image.tmdb.org/t/p/w500/3Kr9CIIMcXTPlm6cdZ9y3QTe4Y7.jpg,https://image.tmdb.org/t/p/original/ap3norxI7zbe1KUpU5rCyfhGikb.jpg,https://www.youtube.com/embed/YMmrKORgNFc?rel=0&autoplay=1,"A young boy named Kubo must locate a magical suit of armour worn by his late father in order to defeat a vengeful spirit from the past.","Storks, 332210, https://image.tmdb.org/t/p/w500/5qVD5TD1CiALR5vUsMzh2BschVU.jpg","Pete's Dragon, 294272, https://image.tmdb.org/t/p/w500/3Okhhyunc9QJUHtnglK6p1Rw3W3.jpg","Hell or High Water, 338766, https://image.tmdb.org/t/p/w500/6YOrNBdoXvT8aC5VPLkkN6t5z0V.jpg","2017-05-15 11:10:06"
313369,148278,"La La Land",2016,"Comedy, Drama, Music",PG-13,"Damien Chazelle","Ryan Gosling, Emma Stone, Amiée Conn, Terry Walters",https://image.tmdb.org/t/p/w500/ylXCdC106IKiarftHkcacasaAcb.jpg,https://image.tmdb.org/t/p/original/fp6X6yhgcxzxCpmM0EVC6V9B8XB.jpg,https://www.youtube.com/embed/nXLTERdI4zs?rel=0&autoplay=1,"A jazz pianist falls for an aspiring actress in Los Angeles.","Manchester by the Sea, 334541, https://image.tmdb.org/t/p/w500/eCLpykDxtAQ0gnS5ERrTo7kP9k9.jpg","Moonlight, 376867, https://image.tmdb.org/t/p/w500/qAwFbszz0kRyTuXmMeKQZCX3Q2O.jpg","Lion, 334543, https://image.tmdb.org/t/p/w500/dVrpKogkQCNgRjvWrXqW4ZGmPjB.jpg","2017-05-15 11:10:06"
328111,135934,"The Secret Life of Pets",2016,"Animation, Adventure, Comedy",PG,"Chris Renaud, Yarrow Cheney","Louis C.K., Eric Stonestreet, Kevin Hart, Jenny Slate",https://image.tmdb.org/t/p/w500/WLQN5aiQG8wc9SeKwixW7pAR8K.jpg,https://image.tmdb.org/t/p/original/lubzBMQLLmG88CLQ4F3TxZr2Q7N.jpg,https://www.youtube.com/embed/i-80SGWfEjM?rel=0&autoplay=1,"The quiet life of a terrier named Max is upended when his owner takes in Duke, a stray whom Max instantly dislikes.","Zootopia, 269149, https://image.tmdb.org/t/p/w500/sM33SANp9z6rXW8Itn7NnG1GOEs.jpg","Finding Dory, 127380, https://image.tmdb.org/t/p/w500/z09QAf8WbZncbitewNk6lKYMZsh.jpg","The Angry Birds Movie, 153518, https://image.tmdb.org/t/p/w500/s7jqPeMZRufhisx6o5jN74OH4SC.jpg","2017-05-15 11:10:06"
330459,139472,"Rogue One",2016,"Action, Adventure, Sci-Fi",PG-13,"Gareth Edwards","Felicity Jones, Diego Luna, Alan Tudyk, Donnie Yen",https://image.tmdb.org/t/p/w500/qjiskwlV1qQzRCjpV0cL9pEMF9a.jpg,https://image.tmdb.org/t/p/original/tZjVVIYXACV4IIIhXeIM59ytqwS.jpg,https://www.youtube.com/embed/Wji-BZ0oCwg?rel=0&autoplay=1,"The Rebel Alliance makes a risky move to steal the plans for the Death Star, setting up the epic saga to follow.","Doctor Strange, 284052, https://image.tmdb.org/t/p/w500/4PiiNGXj1KENTmCBHeN6Mskj2Fq.jpg","Star Trek Beyond, 188927, https://image.tmdb.org/t/p/w500/mLrQMqyZgLeP8FrT5LCobKAiqmK.jpg","Star Wars: The Force Awakens, 140607, https://image.tmdb.org/t/p/w500/weUSwMdQIa3NaXVzwUoIIcAi85d.jpg","2017-05-15 11:10:06"
333484,140963,"The Magnificent Seven",2016,"Action, Adventure, Western",PG-13,"Antoine Fuqua","Denzel Washington, Chris Pratt, Ethan Hawke, Vincent D'Onofrio",https://image.tmdb.org/t/p/w500/cparcxTFuHdlSOP3MJOpN7Ec9NB.jpg,https://image.tmdb.org/t/p/original/T3LrH6bnV74llVbFpQsCBrGaU9.jpg,https://www.youtube.com/embed/q-RBA0xoaWU?rel=0&autoplay=1,"Seven gunmen in the old west gradually come together to help a poor village against savage thieves.","The Accountant, 302946, https://image.tmdb.org/t/p/w500/afhAUuWVB7k7PjJUd4lwO3rzhSq.jpg","War Dogs, 308266, https://image.tmdb.org/t/p/w500/hmNzppVQq9Qj8Ai8bLIseB5gY51.jpg","Deepwater Horizon, 296524, https://image.tmdb.org/t/p/w500/7D6hM7IR0TbQmNvSZVtEiPM3H5h.jpg","2017-05-15 11:10:06"
334521,151555,"Free Fire",2016,"Action, Crime, Thriller",R,"Ben Wheatley","Enzo Cilenti, Sam Riley, Michael Smiley, Brie Larson",https://image.tmdb.org/t/p/w500/zSVRoZMce3skt6qR6JSD0IXQ8af.jpg,https://image.tmdb.org/t/p/original/lPdhR8njOQWT3US0vmpQXVoOHFC.jpg,https://www.youtube.com/embed/G_yyIfhhR8I?rel=0&autoplay=1,"Set in Boston in 1978, a meeting in a deserted warehouse between two gangs turns into a shootout and a game of survival.","The Belko Experiment, 341006, https://image.tmdb.org/t/p/w500/knAqP7qDos8sWQpmPiGYFYwbdcK.jpg","Table 19, 353569, https://image.tmdb.org/t/p/w500/vz0CWnSwcQz1si7pLZp4hC4A1zi.jpg","Unlocked, 291276, https://image.tmdb.org/t/p/w500/fBDLdEraxCBKGmOPb6pJPYiDQh1.jpg","2017-05-15 11:10:06"
335797,143442,Sing,2016,"Animation, Comedy, Family",PG,"Christophe Lourdelet, Garth Jennings","Matthew McConaughey, Reese Witherspoon, Seth MacFarlane, Scarlett Johansson",https://image.tmdb.org/t/p/w500/eSVtBB2PVFbQiFWC7CQi3EjIZnn.jpg,https://image.tmdb.org/t/p/original/usJKCEMXV3tECgIJj8ZTEndmY2E.jpg,https://www.youtube.com/embed/Zvjmt4pwtdg?rel=0&autoplay=1,"In a city of humanoid animals, a hustling theater impresario's attempt to save his theater with a singing competition becomes grander than he anticipates even as its finalists' find that their lives will never be the same.","Moana, 277834, https://image.tmdb.org/t/p/w500/z4x0Bp48ar3Mda8KiPD1vwSY3D8.jpg","Trolls, 136799, https://image.tmdb.org/t/p/w500/zKu5MNy9QW1a5ZHgv7iAp3kRZpE.jpg","Storks, 332210, https://image.tmdb.org/t/p/w500/5qVD5TD1CiALR5vUsMzh2BschVU.jpg","2017-05-15 11:10:06"
337339,148679,"The Fate of the Furious",2017,"Action, Adventure, Crime",PG-13,"F. Gary Gray","Vin Diesel, Jason Statham, Dwayne Johnson, Michelle Rodriguez",https://image.tmdb.org/t/p/w500/iNpz2DgTsTMPaDRZq2tnbqjL2vF.jpg,https://image.tmdb.org/t/p/original/jzdnhRhG0dsuYorwvSqPqqnM1cV.jpg,https://www.youtube.com/embed/-9FU7Ia-BKg?rel=0&autoplay=1,"When a mysterious woman seduces Dom into the world of terrorism and a betrayal of those closest to him, the crew face trials that will test them as never before.","Guardians of the Galaxy Vol. 2, 283995, https://image.tmdb.org/t/p/w500/y4MBh0EjBlMuOzv9axM4qJlmhzz.jpg","Kong: Skull Island, 293167, https://image.tmdb.org/t/p/w500/r2517Vz9EhDhj88qwbDVj8DCRZN.jpg","Ghost in the Shell, 315837, https://image.tmdb.org/t/p/w500/myRzRzCxdfUWjkJWgpHHZ1oGkJd.jpg","2017-05-15 11:10:06"
339967,151219,Colossal,2016,"Action, Comedy, Sci-Fi",R,"Nacho Vigalondo","Dan Stevens, Anne Hathaway, Jason Sudeikis, Tim Blake Nelson",https://image.tmdb.org/t/p/w500/4VOyofBd1pexblxtDZYtYIk7NI4.jpg,https://image.tmdb.org/t/p/original/y5qDjStKZ6y4IHQDhJGMlfZwH92.jpg,https://www.youtube.com/embed/ojLzEjAN5xE?rel=0&autoplay=1,"A woman discovers that severe catastrophic events are somehow connected to the mental breakdown from which she's suffering.","Free Fire, 334521, https://image.tmdb.org/t/p/w500/zSVRoZMce3skt6qR6JSD0IXQ8af.jpg","Vampyres, 320678, https://image.tmdb.org/t/p/w500/64qEGPrEYJ6aykhhyYh8jVYVk1m.jpg","Voice from the Stone, 301372, https://image.tmdb.org/t/p/w500/6pJseCfsd90nA26Jz1HTSuyRzGz.jpg","2017-05-15 11:10:06"
372058,147477,"Your Name.",2016,"Animation, Drama, Fantasy",PG,"Makoto Shinkai","Ryûnosuke Kamiki, Mone Kamishiraishi, Ryô Narita, Aoi Yuki",https://image.tmdb.org/t/p/w500/xq1Ugd62d23K2knRUx6xxuALTZB.jpg,https://image.tmdb.org/t/p/original/6vkhRvsRvWpmaRVyCXaxTkIEb7j.jpg,https://www.youtube.com/embed/RBBrZ3d2sJE?rel=0&autoplay=1,"Two strangers find themselves linked in a bizarre way. When a connection forms, will distance be the only thing to keep them apart?","The Garden of Words, 198375, https://image.tmdb.org/t/p/w500/oZSfJH1IwOPla2ZGVli6YIBxYxz.jpg","The Girl Who Leapt Through Time, 14069, https://image.tmdb.org/t/p/w500/tuYEDIru7mmfQDxwzsHxlgkpuJb.jpg","The Boy and the Beast, 315465, https://image.tmdb.org/t/p/w500/v3Dz6KuSC4srTqgDwbEPkjdcOGw.jpg","2017-05-15 11:10:06"
381288,150431,Split,2016,"Horror, Thriller",PG-13,"M. Night Shyamalan","James McAvoy, Anya Taylor-Joy, Betty Buckley, Haley Lu Richardson",https://image.tmdb.org/t/p/w500/rXMWOZiCt6eMX22jWuTOSdQ98bY.jpg,https://image.tmdb.org/t/p/original/4G6FNNLSIVrwSRZyFs91hQ3lZtD.jpg,https://www.youtube.com/embed/6bfooooTKyM?rel=0&autoplay=1,"Three girls are kidnapped by a man with a diagnosed 23 distinct personalities, they must try to escape before the apparent emergence of a frightful new 24th.","Passengers, 274870, https://image.tmdb.org/t/p/w500/5gJkVIVU7FDp7AfRAbPSvvdbre2.jpg","Nocturnal Animals, 340666, https://image.tmdb.org/t/p/w500/9Moizj8qxcZK6DqEE1MTO3pQAEw.jpg","Don't Breathe, 300669, https://image.tmdb.org/t/p/w500/lw0IqOSMsQcy1QnVIEIDppLmNwk.jpg","2017-05-15 11:10:06"
419430,150256,"Get Out",2017,"Horror, Mystery",R,"Jordan Peele","Daniel Kaluuya, Allison Williams, Catherine Keener, Bradley Whitford",https://image.tmdb.org/t/p/w500/1SwAVYpuLj8KsHxllTF8Dt9dSSX.jpg,https://image.tmdb.org/t/p/original/Ae58bf7Yj6OPzwKerPgXSnxCJdh.jpg,https://www.youtube.com/embed/sRfnevzM9kQ?rel=0&autoplay=1,"A young African-American man visits his Caucasian girlfriend's mysterious family estate.","Split, 381288, https://image.tmdb.org/t/p/w500/rXMWOZiCt6eMX22jWuTOSdQ98bY.jpg","Kong: Skull Island, 293167, https://image.tmdb.org/t/p/w500/r2517Vz9EhDhj88qwbDVj8DCRZN.jpg","The Void, 378018, https://image.tmdb.org/t/p/w500/2WhZAPi3vomEQdzAPIYTvmvWaxI.jpg","2017-05-15 11:10:06"
